split,held_out,subset,model,n_test,rmse,mae,r2,pearson,spearman
random,,all,mean,54827,6.196590849521941,4.180537660507121,-9.48546139145634e-06,,
random,,central_abs_le_100,mean,54827,6.196590849521941,4.180537660507121,-9.48546139145634e-06,,
random,,all,median,54827,6.196579787877267,4.1805458776393625,-5.915195097072612e-06,,
random,,central_abs_le_100,median,54827,6.196579787877267,4.1805458776393625,-5.915195097072612e-06,,
random,,all,ridge_identity,54827,5.857489934926202,4.032672091981544,0.10644440445957526,0.326266821236659,0.2926807232041656
random,,central_abs_le_100,ridge_identity,54827,5.857489934926202,4.032672091981544,0.10644440445957526,0.326266821236659,0.2926807232041656
random,,all,ridge_identity_clip_train,54827,5.857504613857456,4.032672698176482,0.1064399259345622,0.32626038300417864,0.2926871285021558
random,,central_abs_le_100,ridge_identity_clip_train,54827,5.857504613857456,4.032672698176482,0.1064399259345622,0.32626038300417864,0.2926871285021558
random,,all,xgboost_identity,54827,5.7950394271686765,3.995966375872499,0.12539638738600012,0.4048357556590533,0.2759589178064607
random,,central_abs_le_100,xgboost_identity,54827,5.7950394271686765,3.995966375872499,0.12539638738600012,0.4048357556590533,0.2759589178064607
random,,all,xgboost_identity_clip_train,54827,5.791908218992138,3.994581198714999,0.12634127349378155,0.40595256291786186,0.2767356707778102
random,,central_abs_le_100,xgboost_identity_clip_train,54827,5.791908218992138,3.994581198714999,0.12634127349378155,0.40595256291786186,0.2767356707778102
random,,all,ridge_chemical_cell,54827,5.7400997405016065,3.984436758002806,0.1419010820177271,0.37670168068138077,0.32100485839495435
random,,central_abs_le_100,ridge_chemical_cell,54827,5.7400997405016065,3.984436758002806,0.1419010820177271,0.37670168068138077,0.32100485839495435
random,,all,ridge_chemical_cell_clip_train,54827,5.740177375597923,3.9844958104411896,0.14187787021108,0.37667100244020696,0.3209808422922374
random,,central_abs_le_100,ridge_chemical_cell_clip_train,54827,5.740177375597923,3.9844958104411896,0.14187787021108,0.37667100244020696,0.3209808422922374
random,,all,xgboost_chemical_cell,54827,5.614127199097793,3.8876589806956736,0.17915156757197315,0.44565823015678574,0.3275799755970012
random,,central_abs_le_100,xgboost_chemical_cell,54827,5.614127199097793,3.8876589806956736,0.17915156757197315,0.44565823015678574,0.3275799755970012
random,,all,xgboost_chemical_cell_clip_train,54827,5.6172945462824915,3.8877890959120602,0.17822510285849114,0.44506739233639436,0.32728069004748195
random,,central_abs_le_100,xgboost_chemical_cell_clip_train,54827,5.6172945462824915,3.8877890959120602,0.17822510285849114,0.44506739233639436,0.32728069004748195
random,,all,xgboost_chemical_only_clip_train,54827,5.562447623721074,3.86383257746667,0.19419427965739933,0.46053437064451896,0.33276777620120884
random,,central_abs_le_100,xgboost_chemical_only_clip_train,54827,5.562447623721074,3.86383257746667,0.19419427965739933,0.46053437064451896,0.33276777620120884
random,,all,xgboost_cell_only_clip_train,54827,6.164148659743925,4.1619426926586005,0.010434183357922344,0.11009295248530998,0.10542137806834352
random,,central_abs_le_100,xgboost_cell_only_clip_train,54827,6.164148659743925,4.1619426926586005,0.010434183357922344,0.11009295248530998,0.10542137806834352
lodo_000,RUXOLITINIB,all,mean,5831,6.971504996669575,4.668238482615239,-0.04110026758064467,,
lodo_000,RUXOLITINIB,central_abs_le_100,mean,5830,6.73202309800571,4.645283435963088,-0.042656089292011146,,
lodo_000,RUXOLITINIB,exactly_one_unseen,mean,5831,6.971504996669575,4.668238482615239,-0.04110026758064467,,
lodo_000,RUXOLITINIB,all,median,5831,6.9715724668948,4.668302243754645,-0.04112041921489773,,
lodo_000,RUXOLITINIB,central_abs_le_100,median,5830,6.732091782213916,4.6453471497998855,-0.0426773650280583,,
lodo_000,RUXOLITINIB,exactly_one_unseen,median,5831,6.9715724668948,4.668302243754645,-0.04112041921489773,,
lodo_000,RUXOLITINIB,all,ridge_identity,5831,6.534048324449059,4.3581309505922015,0.08545694441982676,0.4006586574992971,0.38554782080949457
lodo_000,RUXOLITINIB,central_abs_le_100,ridge_identity,5830,6.285499866485978,4.335473621906712,0.09107189570095875,0.4103782650341564,0.38527286225061597
lodo_000,RUXOLITINIB,exactly_one_unseen,ridge_identity,5831,6.534048324449059,4.3581309505922015,0.08545694441982676,0.4006586574992971,0.38554782080949457
lodo_000,RUXOLITINIB,all,ridge_identity_clip_train,5831,6.534048324449059,4.3581309505922015,0.08545694441982676,0.4006586574992971,0.38554782080949457
lodo_000,RUXOLITINIB,central_abs_le_100,ridge_identity_clip_train,5830,6.285499866485978,4.335473621906712,0.09107189570095875,0.4103782650341564,0.38527286225061597
lodo_000,RUXOLITINIB,exactly_one_unseen,ridge_identity_clip_train,5831,6.534048324449059,4.3581309505922015,0.08545694441982676,0.4006586574992971,0.38554782080949457
lodo_000,RUXOLITINIB,all,xgboost_identity,5831,6.73374916417955,4.520515119423801,0.02870010576948545,0.36020965151175904,0.33353878639347007
lodo_000,RUXOLITINIB,central_abs_le_100,xgboost_identity,5830,6.490224510048858,4.497759421217776,0.030898357803105125,0.3674543136517348,0.33317785818515966
lodo_000,RUXOLITINIB,exactly_one_unseen,xgboost_identity,5831,6.73374916417955,4.520515119423801,0.02870010576948545,0.36020965151175904,0.33353878639347007
lodo_000,RUXOLITINIB,all,xgboost_identity_clip_train,5831,6.73374916417955,4.520515119423801,0.02870010576948545,0.36020965151175904,0.33353878639347007
lodo_000,RUXOLITINIB,central_abs_le_100,xgboost_identity_clip_train,5830,6.490224510048858,4.497759421217776,0.030898357803105125,0.3674543136517348,0.33317785818515966
lodo_000,RUXOLITINIB,exactly_one_unseen,xgboost_identity_clip_train,5831,6.73374916417955,4.520515119423801,0.02870010576948545,0.36020965151175904,0.33353878639347007
lodo_000,RUXOLITINIB,all,ridge_chemical_cell,5831,6.54221745043684,4.431213601130514,0.08316871900366163,0.2927759576111284,0.24778056573331833
lodo_000,RUXOLITINIB,central_abs_le_100,ridge_chemical_cell,5830,6.305946912756308,4.409127388273862,0.0851486997107771,0.29551137581706577,0.2474039676660036
lodo_000,RUXOLITINIB,exactly_one_unseen,ridge_chemical_cell,5831,6.54221745043684,4.431213601130514,0.08316871900366163,0.2927759576111284,0.24778056573331833
lodo_000,RUXOLITINIB,all,ridge_chemical_cell_clip_train,5831,6.54221745043684,4.431213601130514,0.08316871900366163,0.2927759576111284,0.24778056573331833
lodo_000,RUXOLITINIB,central_abs_le_100,ridge_chemical_cell_clip_train,5830,6.305946912756308,4.409127388273862,0.0851486997107771,0.29551137581706577,0.2474039676660036
lodo_000,RUXOLITINIB,exactly_one_unseen,ridge_chemical_cell_clip_train,5831,6.54221745043684,4.431213601130514,0.08316871900366163,0.2927759576111284,0.24778056573331833
lodo_000,RUXOLITINIB,all,xgboost_chemical_cell,5831,6.683364276142547,4.4799698784966555,0.04318111604419561,0.3149089931696794,0.3378272418149025
lodo_000,RUXOLITINIB,central_abs_le_100,xgboost_chemical_cell,5830,6.4403728757419225,4.457322403592868,0.045728587552498645,0.32094781285645535,0.33749862043082335
lodo_000,RUXOLITINIB,exactly_one_unseen,xgboost_chemical_cell,5831,6.683364276142547,4.4799698784966555,0.04318111604419561,0.3149089931696794,0.3378272418149025
lodo_000,RUXOLITINIB,all,xgboost_chemical_cell_clip_train,5831,6.683364276142547,4.4799698784966555,0.04318111604419561,0.3149089931696794,0.3378272418149025
lodo_000,RUXOLITINIB,central_abs_le_100,xgboost_chemical_cell_clip_train,5830,6.4403728757419225,4.457322403592868,0.045728587552498645,0.32094781285645535,0.33749862043082335
lodo_000,RUXOLITINIB,exactly_one_unseen,xgboost_chemical_cell_clip_train,5831,6.683364276142547,4.4799698784966555,0.04318111604419561,0.3149089931696794,0.3378272418149025
lodo_000,RUXOLITINIB,all,xgboost_chemical_only_clip_train,5831,6.6516411752662705,4.459482906068163,0.05224278728714782,0.34268141675461794,0.31245201076118784
lodo_000,RUXOLITINIB,central_abs_le_100,xgboost_chemical_only_clip_train,5830,6.407367294410366,4.436828449422242,0.055484412983379916,0.34961466903236027,0.3121108414811522
lodo_000,RUXOLITINIB,exactly_one_unseen,xgboost_chemical_only_clip_train,5831,6.6516411752662705,4.459482906068163,0.05224278728714782,0.34268141675461794,0.31245201076118784
lodo_000,RUXOLITINIB,all,xgboost_cell_only_clip_train,5831,6.924829313390016,4.623722350308398,-0.027206167910969636,0.1550633810993635,0.18010661252790156
lodo_000,RUXOLITINIB,central_abs_le_100,xgboost_cell_only_clip_train,5830,6.683948401510021,4.600773258489876,-0.0278176382793478,0.15997731211506755,0.18012872264066815
lodo_000,RUXOLITINIB,exactly_one_unseen,xgboost_cell_only_clip_train,5831,6.924829313390016,4.623722350308398,-0.027206167910969636,0.1550633810993635,0.18010661252790156
lodo_001,TEMOZOLOMIDE,all,mean,6001,5.215520228396671,3.5300678456352017,-0.0034280798316141947,,
lodo_001,TEMOZOLOMIDE,central_abs_le_100,mean,6001,5.215520228396671,3.5300678456352017,-0.0034280798316141947,,
lodo_001,TEMOZOLOMIDE,exactly_one_unseen,mean,6001,5.215520228396671,3.5300678456352017,-0.0034280798316141947,,
lodo_001,TEMOZOLOMIDE,all,median,6001,5.215704104555998,3.5301998000333277,-0.0034988339446619943,,
lodo_001,TEMOZOLOMIDE,central_abs_le_100,median,6001,5.215704104555998,3.5301998000333277,-0.0034988339446619943,,
lodo_001,TEMOZOLOMIDE,exactly_one_unseen,median,6001,5.215704104555998,3.5301998000333277,-0.0034988339446619943,,
lodo_001,TEMOZOLOMIDE,all,ridge_identity,6001,5.225595625450592,3.649879742753996,-0.007308690438828647,0.15835216496651705,0.10120513376108234
lodo_001,TEMOZOLOMIDE,central_abs_le_100,ridge_identity,6001,5.225595625450592,3.649879742753996,-0.007308690438828647,0.15835216496651705,0.10120513376108234
lodo_001,TEMOZOLOMIDE,exactly_one_unseen,ridge_identity,6001,5.225595625450592,3.649879742753996,-0.007308690438828647,0.15835216496651705,0.10120513376108234
lodo_001,TEMOZOLOMIDE,all,ridge_identity_clip_train,6001,5.225494718188079,3.649782447554499,-0.007269788163048796,0.158371794211232,0.1012065438898439
lodo_001,TEMOZOLOMIDE,central_abs_le_100,ridge_identity_clip_train,6001,5.225494718188079,3.649782447554499,-0.007269788163048796,0.158371794211232,0.1012065438898439
lodo_001,TEMOZOLOMIDE,exactly_one_unseen,ridge_identity_clip_train,6001,5.225494718188079,3.649782447554499,-0.007269788163048796,0.158371794211232,0.1012065438898439
lodo_001,TEMOZOLOMIDE,all,xgboost_identity,6001,5.178074223762675,3.537356049398791,0.01092887174507573,0.12314357076251446,0.055152290405649354
lodo_001,TEMOZOLOMIDE,central_abs_le_100,xgboost_identity,6001,5.178074223762675,3.537356049398791,0.01092887174507573,0.12314357076251446,0.055152290405649354
lodo_001,TEMOZOLOMIDE,exactly_one_unseen,xgboost_identity,6001,5.178074223762675,3.537356049398791,0.01092887174507573,0.12314357076251446,0.055152290405649354
lodo_001,TEMOZOLOMIDE,all,xgboost_identity_clip_train,6001,5.179349306023419,3.539113570326881,0.010441701313666951,0.12190901734372249,0.05604310662289316
lodo_001,TEMOZOLOMIDE,central_abs_le_100,xgboost_identity_clip_train,6001,5.179349306023419,3.539113570326881,0.010441701313666951,0.12190901734372249,0.05604310662289316
lodo_001,TEMOZOLOMIDE,exactly_one_unseen,xgboost_identity_clip_train,6001,5.179349306023419,3.539113570326881,0.010441701313666951,0.12190901734372249,0.05604310662289316
lodo_001,TEMOZOLOMIDE,all,ridge_chemical_cell,6001,5.369590151589737,3.767650394669617,-0.0635875827318455,0.1518689487681459,0.1153650747095675
lodo_001,TEMOZOLOMIDE,central_abs_le_100,ridge_chemical_cell,6001,5.369590151589737,3.767650394669617,-0.0635875827318455,0.1518689487681459,0.1153650747095675
lodo_001,TEMOZOLOMIDE,exactly_one_unseen,ridge_chemical_cell,6001,5.369590151589737,3.767650394669617,-0.0635875827318455,0.1518689487681459,0.1153650747095675
lodo_001,TEMOZOLOMIDE,all,ridge_chemical_cell_clip_train,6001,5.3701288700489,3.76791106386731,-0.06380100796176569,0.1516428005943799,0.11526353899750785
lodo_001,TEMOZOLOMIDE,central_abs_le_100,ridge_chemical_cell_clip_train,6001,5.3701288700489,3.76791106386731,-0.06380100796176569,0.1516428005943799,0.11526353899750785
lodo_001,TEMOZOLOMIDE,exactly_one_unseen,ridge_chemical_cell_clip_train,6001,5.3701288700489,3.76791106386731,-0.06380100796176569,0.1516428005943799,0.11526353899750785
lodo_001,TEMOZOLOMIDE,all,xgboost_chemical_cell,6001,5.301844074983603,3.6535563721357063,-0.036919123650330565,0.10528290345897776,0.04934592776718859
lodo_001,TEMOZOLOMIDE,central_abs_le_100,xgboost_chemical_cell,6001,5.301844074983603,3.6535563721357063,-0.036919123650330565,0.10528290345897776,0.04934592776718859
lodo_001,TEMOZOLOMIDE,exactly_one_unseen,xgboost_chemical_cell,6001,5.301844074983603,3.6535563721357063,-0.036919123650330565,0.10528290345897776,0.04934592776718859
lodo_001,TEMOZOLOMIDE,all,xgboost_chemical_cell_clip_train,6001,5.293827091335119,3.6457868167302485,-0.03378561822304249,0.11279374076324342,0.054999544246243655
lodo_001,TEMOZOLOMIDE,central_abs_le_100,xgboost_chemical_cell_clip_train,6001,5.293827091335119,3.6457868167302485,-0.03378561822304249,0.11279374076324342,0.054999544246243655
lodo_001,TEMOZOLOMIDE,exactly_one_unseen,xgboost_chemical_cell_clip_train,6001,5.293827091335119,3.6457868167302485,-0.03378561822304249,0.11279374076324342,0.054999544246243655
lodo_001,TEMOZOLOMIDE,all,xgboost_chemical_only_clip_train,6001,5.348245218351251,3.6626760915038767,-0.0551485462484691,0.02172640892475321,0.012519313880993095
lodo_001,TEMOZOLOMIDE,central_abs_le_100,xgboost_chemical_only_clip_train,6001,5.348245218351251,3.6626760915038767,-0.0551485462484691,0.02172640892475321,0.012519313880993095
lodo_001,TEMOZOLOMIDE,exactly_one_unseen,xgboost_chemical_only_clip_train,6001,5.348245218351251,3.6626760915038767,-0.0551485462484691,0.02172640892475321,0.012519313880993095
lodo_001,TEMOZOLOMIDE,all,xgboost_cell_only_clip_train,6001,5.145528680364649,3.5199132324898676,0.023322937619175477,0.16862848799230382,0.09586461573270233
lodo_001,TEMOZOLOMIDE,central_abs_le_100,xgboost_cell_only_clip_train,6001,5.145528680364649,3.5199132324898676,0.023322937619175477,0.16862848799230382,0.09586461573270233
lodo_001,TEMOZOLOMIDE,exactly_one_unseen,xgboost_cell_only_clip_train,6001,5.145528680364649,3.5199132324898676,0.023322937619175477,0.16862848799230382,0.09586461573270233
lodo_002,SORAFENIB,all,mean,6008,6.102270440532905,4.198224657006682,-0.0005342331143687318,,
lodo_002,SORAFENIB,central_abs_le_100,mean,6008,6.102270440532905,4.198224657006682,-0.0005342331143687318,,
lodo_002,SORAFENIB,exactly_one_unseen,mean,6008,6.102270440532905,4.198224657006682,-0.0005342331143687318,,
lodo_002,SORAFENIB,all,median,6008,6.102204262134783,4.198076314913449,-0.0005125318822065683,,
lodo_002,SORAFENIB,central_abs_le_100,median,6008,6.102204262134783,4.198076314913449,-0.0005125318822065683,,
lodo_002,SORAFENIB,exactly_one_unseen,median,6008,6.102204262134783,4.198076314913449,-0.0005125318822065683,,
lodo_002,SORAFENIB,all,ridge_identity,6008,6.119407491453953,4.258074240744532,-0.006161739196491878,0.1326358512538602,0.11140747140922036
lodo_002,SORAFENIB,central_abs_le_100,ridge_identity,6008,6.119407491453953,4.258074240744532,-0.006161739196491878,0.1326358512538602,0.11140747140922036
lodo_002,SORAFENIB,exactly_one_unseen,ridge_identity,6008,6.119407491453953,4.258074240744532,-0.006161739196491878,0.1326358512538602,0.11140747140922036
lodo_002,SORAFENIB,all,ridge_identity_clip_train,6008,6.119246761943255,4.257923367069495,-0.006108885138179643,0.13267989599188962,0.11142467636504517
lodo_002,SORAFENIB,central_abs_le_100,ridge_identity_clip_train,6008,6.119246761943255,4.257923367069495,-0.006108885138179643,0.13267989599188962,0.11142467636504517
lodo_002,SORAFENIB,exactly_one_unseen,ridge_identity_clip_train,6008,6.119246761943255,4.257923367069495,-0.006108885138179643,0.13267989599188962,0.11142467636504517
lodo_002,SORAFENIB,all,xgboost_identity,6008,6.080926934017451,4.196513185534193,0.006452531338957179,0.09329547461275149,0.050147790112432866
lodo_002,SORAFENIB,central_abs_le_100,xgboost_identity,6008,6.080926934017451,4.196513185534193,0.006452531338957179,0.09329547461275149,0.050147790112432866
lodo_002,SORAFENIB,exactly_one_unseen,xgboost_identity,6008,6.080926934017451,4.196513185534193,0.006452531338957179,0.09329547461275149,0.050147790112432866
lodo_002,SORAFENIB,all,xgboost_identity_clip_train,6008,6.078024951060293,4.195482910472131,0.007400600561993209,0.09671613765542415,0.050781550875315766
lodo_002,SORAFENIB,central_abs_le_100,xgboost_identity_clip_train,6008,6.078024951060293,4.195482910472131,0.007400600561993209,0.09671613765542415,0.050781550875315766
lodo_002,SORAFENIB,exactly_one_unseen,xgboost_identity_clip_train,6008,6.078024951060293,4.195482910472131,0.007400600561993209,0.09671613765542415,0.050781550875315766
lodo_002,SORAFENIB,all,ridge_chemical_cell,6008,6.265275123775101,4.483993126050549,-0.054700967328136674,0.1367670049614109,0.09889427573818044
lodo_002,SORAFENIB,central_abs_le_100,ridge_chemical_cell,6008,6.265275123775101,4.483993126050549,-0.054700967328136674,0.1367670049614109,0.09889427573818044
lodo_002,SORAFENIB,exactly_one_unseen,ridge_chemical_cell,6008,6.265275123775101,4.483993126050549,-0.054700967328136674,0.1367670049614109,0.09889427573818044
lodo_002,SORAFENIB,all,ridge_chemical_cell_clip_train,6008,6.265892296708234,4.484848110433095,-0.0549087682426761,0.1367753227839602,0.09903720293055307
lodo_002,SORAFENIB,central_abs_le_100,ridge_chemical_cell_clip_train,6008,6.265892296708234,4.484848110433095,-0.0549087682426761,0.1367753227839602,0.09903720293055307
lodo_002,SORAFENIB,exactly_one_unseen,ridge_chemical_cell_clip_train,6008,6.265892296708234,4.484848110433095,-0.0549087682426761,0.1367753227839602,0.09903720293055307
lodo_002,SORAFENIB,all,xgboost_chemical_cell,6008,6.2759188793888985,4.450895978699611,-0.0582875663971687,0.13962913652040268,0.10960098639892639
lodo_002,SORAFENIB,central_abs_le_100,xgboost_chemical_cell,6008,6.2759188793888985,4.450895978699611,-0.0582875663971687,0.13962913652040268,0.10960098639892639
lodo_002,SORAFENIB,exactly_one_unseen,xgboost_chemical_cell,6008,6.2759188793888985,4.450895978699611,-0.0582875663971687,0.13962913652040268,0.10960098639892639
lodo_002,SORAFENIB,all,xgboost_chemical_cell_clip_train,6008,6.281899181757024,4.459190432673421,-0.06030540478718627,0.13828485773911153,0.10872833588723418
lodo_002,SORAFENIB,central_abs_le_100,xgboost_chemical_cell_clip_train,6008,6.281899181757024,4.459190432673421,-0.06030540478718627,0.13828485773911153,0.10872833588723418
lodo_002,SORAFENIB,exactly_one_unseen,xgboost_chemical_cell_clip_train,6008,6.281899181757024,4.459190432673421,-0.06030540478718627,0.13828485773911153,0.10872833588723418
lodo_002,SORAFENIB,all,xgboost_chemical_only_clip_train,6008,6.34218896857509,4.485059501414889,-0.08075538149003147,0.10116254188404986,0.09548126967862547
lodo_002,SORAFENIB,central_abs_le_100,xgboost_chemical_only_clip_train,6008,6.34218896857509,4.485059501414889,-0.08075538149003147,0.10116254188404986,0.09548126967862547
lodo_002,SORAFENIB,exactly_one_unseen,xgboost_chemical_only_clip_train,6008,6.34218896857509,4.485059501414889,-0.08075538149003147,0.10116254188404986,0.09548126967862547
lodo_002,SORAFENIB,all,xgboost_cell_only_clip_train,6008,6.07485958853255,4.179672854997648,0.008434199083811267,0.0958391317341371,0.08330790986644844
lodo_002,SORAFENIB,central_abs_le_100,xgboost_cell_only_clip_train,6008,6.07485958853255,4.179672854997648,0.008434199083811267,0.0958391317341371,0.08330790986644844
lodo_002,SORAFENIB,exactly_one_unseen,xgboost_cell_only_clip_train,6008,6.07485958853255,4.179672854997648,0.008434199083811267,0.0958391317341371,0.08330790986644844
lodo_003,SUNITINIB,all,mean,6068,5.143799406977206,3.627467109656697,-0.0029722454507330465,,
lodo_003,SUNITINIB,central_abs_le_100,mean,6068,5.143799406977206,3.627467109656697,-0.0029722454507330465,,
lodo_003,SUNITINIB,exactly_one_unseen,mean,6068,5.143799406977206,3.627467109656697,-0.0029722454507330465,,
lodo_003,SUNITINIB,all,median,6068,5.143996913250594,3.627642963085036,-0.0030492691050121312,,
lodo_003,SUNITINIB,central_abs_le_100,median,6068,5.143996913250594,3.627642963085036,-0.0030492691050121312,,
lodo_003,SUNITINIB,exactly_one_unseen,median,6068,5.143996913250594,3.627642963085036,-0.0030492691050121312,,
lodo_003,SUNITINIB,all,ridge_identity,6068,4.887778281982425,3.506260145002468,0.0943844691227902,0.31164752300088744,0.26231432414743977
lodo_003,SUNITINIB,central_abs_le_100,ridge_identity,6068,4.887778281982425,3.506260145002468,0.0943844691227902,0.31164752300088744,0.26231432414743977
lodo_003,SUNITINIB,exactly_one_unseen,ridge_identity,6068,4.887778281982425,3.506260145002468,0.0943844691227902,0.31164752300088744,0.26231432414743977
lodo_003,SUNITINIB,all,ridge_identity_clip_train,6068,4.887832311096028,3.5062930893748216,0.09436444780758035,0.31161964053594154,0.2622952561859621
lodo_003,SUNITINIB,central_abs_le_100,ridge_identity_clip_train,6068,4.887832311096028,3.5062930893748216,0.09436444780758035,0.31161964053594154,0.2622952561859621
lodo_003,SUNITINIB,exactly_one_unseen,ridge_identity_clip_train,6068,4.887832311096028,3.5062930893748216,0.09436444780758035,0.31161964053594154,0.2622952561859621
lodo_003,SUNITINIB,all,xgboost_identity,6068,5.029248656346981,3.5711830484371703,0.04120207760391337,0.21915817394985587,0.21006015430188787
lodo_003,SUNITINIB,central_abs_le_100,xgboost_identity,6068,5.029248656346981,3.5711830484371703,0.04120207760391337,0.21915817394985587,0.21006015430188787
lodo_003,SUNITINIB,exactly_one_unseen,xgboost_identity,6068,5.029248656346981,3.5711830484371703,0.04120207760391337,0.21915817394985587,0.21006015430188787
lodo_003,SUNITINIB,all,xgboost_identity_clip_train,6068,5.029697582389302,3.5717555082628065,0.04103089952272587,0.21856575303530185,0.209869945865922
lodo_003,SUNITINIB,central_abs_le_100,xgboost_identity_clip_train,6068,5.029697582389302,3.5717555082628065,0.04103089952272587,0.21856575303530185,0.209869945865922
lodo_003,SUNITINIB,exactly_one_unseen,xgboost_identity_clip_train,6068,5.029697582389302,3.5717555082628065,0.04103089952272587,0.21856575303530185,0.209869945865922
lodo_003,SUNITINIB,all,ridge_chemical_cell,6068,5.710378934667467,4.322610273266055,-0.236091796621948,0.22844159789830615,0.20547979021367596
lodo_003,SUNITINIB,central_abs_le_100,ridge_chemical_cell,6068,5.710378934667467,4.322610273266055,-0.236091796621948,0.22844159789830615,0.20547979021367596
lodo_003,SUNITINIB,exactly_one_unseen,ridge_chemical_cell,6068,5.710378934667467,4.322610273266055,-0.236091796621948,0.22844159789830615,0.20547979021367596
lodo_003,SUNITINIB,all,ridge_chemical_cell_clip_train,6068,5.709280073176484,4.321524209943671,-0.2356161143597506,0.22824186784425804,0.20542195154600432
lodo_003,SUNITINIB,central_abs_le_100,ridge_chemical_cell_clip_train,6068,5.709280073176484,4.321524209943671,-0.2356161143597506,0.22824186784425804,0.20542195154600432
lodo_003,SUNITINIB,exactly_one_unseen,ridge_chemical_cell_clip_train,6068,5.709280073176484,4.321524209943671,-0.2356161143597506,0.22824186784425804,0.20542195154600432
lodo_003,SUNITINIB,all,xgboost_chemical_cell,6068,4.993586234420116,3.5760536767629945,0.05475154665268567,0.2520591394080297,0.2501513411316092
lodo_003,SUNITINIB,central_abs_le_100,xgboost_chemical_cell,6068,4.993586234420116,3.5760536767629945,0.05475154665268567,0.2520591394080297,0.2501513411316092
lodo_003,SUNITINIB,exactly_one_unseen,xgboost_chemical_cell,6068,4.993586234420116,3.5760536767629945,0.05475154665268567,0.2520591394080297,0.2501513411316092
lodo_003,SUNITINIB,all,xgboost_chemical_cell_clip_train,6068,4.979338375741391,3.5673906971853886,0.06013787720514918,0.2525796558073514,0.24481136326316671
lodo_003,SUNITINIB,central_abs_le_100,xgboost_chemical_cell_clip_train,6068,4.979338375741391,3.5673906971853886,0.06013787720514918,0.2525796558073514,0.24481136326316671
lodo_003,SUNITINIB,exactly_one_unseen,xgboost_chemical_cell_clip_train,6068,4.979338375741391,3.5673906971853886,0.06013787720514918,0.2525796558073514,0.24481136326316671
lodo_003,SUNITINIB,all,xgboost_chemical_only_clip_train,6068,5.098871392923906,3.6316123117723316,0.014471964452507868,0.18786755022443163,0.22767939322989872
lodo_003,SUNITINIB,central_abs_le_100,xgboost_chemical_only_clip_train,6068,5.098871392923906,3.6316123117723316,0.014471964452507868,0.18786755022443163,0.22767939322989872
lodo_003,SUNITINIB,exactly_one_unseen,xgboost_chemical_only_clip_train,6068,5.098871392923906,3.6316123117723316,0.014471964452507868,0.18786755022443163,0.22767939322989872
lodo_003,SUNITINIB,all,xgboost_cell_only_clip_train,6068,5.050426037248289,3.585248074602505,0.0331103802422007,0.21491434840195583,0.12292589311124556
lodo_003,SUNITINIB,central_abs_le_100,xgboost_cell_only_clip_train,6068,5.050426037248289,3.585248074602505,0.0331103802422007,0.21491434840195583,0.12292589311124556
lodo_003,SUNITINIB,exactly_one_unseen,xgboost_cell_only_clip_train,6068,5.050426037248289,3.585248074602505,0.0331103802422007,0.21491434840195583,0.12292589311124556
lodo_004,ZOLINZA,all,mean,6014,4.913700366242522,3.6328836940701006,-0.006773754856337133,,
lodo_004,ZOLINZA,central_abs_le_100,mean,6014,4.913700366242522,3.6328836940701006,-0.006773754856337133,,
lodo_004,ZOLINZA,exactly_one_unseen,mean,6014,4.913700366242522,3.6328836940701006,-0.006773754856337133,,
lodo_004,ZOLINZA,all,median,6014,4.9137792860450515,3.6329514466245425,-0.006806095055400085,,
lodo_004,ZOLINZA,central_abs_le_100,median,6014,4.9137792860450515,3.6329514466245425,-0.006806095055400085,,
lodo_004,ZOLINZA,exactly_one_unseen,median,6014,4.9137792860450515,3.6329514466245425,-0.006806095055400085,,
lodo_004,ZOLINZA,all,ridge_identity,6014,5.015255988673554,3.7603701153243434,-0.04881950638827193,0.11606508187077808,0.07936909336893573
lodo_004,ZOLINZA,central_abs_le_100,ridge_identity,6014,5.015255988673554,3.7603701153243434,-0.04881950638827193,0.11606508187077808,0.07936909336893573
lodo_004,ZOLINZA,exactly_one_unseen,ridge_identity,6014,5.015255988673554,3.7603701153243434,-0.04881950638827193,0.11606508187077808,0.07936909336893573
lodo_004,ZOLINZA,all,ridge_identity_clip_train,6014,5.015187955025067,3.7603166928156417,-0.048791051396619434,0.1160455604032216,0.07935658744353785
lodo_004,ZOLINZA,central_abs_le_100,ridge_identity_clip_train,6014,5.015187955025067,3.7603166928156417,-0.048791051396619434,0.1160455604032216,0.07935658744353785
lodo_004,ZOLINZA,exactly_one_unseen,ridge_identity_clip_train,6014,5.015187955025067,3.7603166928156417,-0.048791051396619434,0.1160455604032216,0.07935658744353785
lodo_004,ZOLINZA,all,xgboost_identity,6014,4.920011618584664,3.663679361637056,-0.009361655357839949,0.07829714596944812,0.024511645165496733
lodo_004,ZOLINZA,central_abs_le_100,xgboost_identity,6014,4.920011618584664,3.663679361637056,-0.009361655357839949,0.07829714596944812,0.024511645165496733
lodo_004,ZOLINZA,exactly_one_unseen,xgboost_identity,6014,4.920011618584664,3.663679361637056,-0.009361655357839949,0.07829714596944812,0.024511645165496733
lodo_004,ZOLINZA,all,xgboost_identity_clip_train,6014,4.919672516646559,3.6626175440167756,-0.009222523695252782,0.07769253355159236,0.030203733766392283
lodo_004,ZOLINZA,central_abs_le_100,xgboost_identity_clip_train,6014,4.919672516646559,3.6626175440167756,-0.009222523695252782,0.07769253355159236,0.030203733766392283
lodo_004,ZOLINZA,exactly_one_unseen,xgboost_identity_clip_train,6014,4.919672516646559,3.6626175440167756,-0.009222523695252782,0.07769253355159236,0.030203733766392283
lodo_004,ZOLINZA,all,ridge_chemical_cell,6014,5.416556382890001,4.1256430380230995,-0.22337917111863193,0.10468041091824459,0.1015273160667493
lodo_004,ZOLINZA,central_abs_le_100,ridge_chemical_cell,6014,5.416556382890001,4.1256430380230995,-0.22337917111863193,0.10468041091824459,0.1015273160667493
lodo_004,ZOLINZA,exactly_one_unseen,ridge_chemical_cell,6014,5.416556382890001,4.1256430380230995,-0.22337917111863193,0.10468041091824459,0.1015273160667493
lodo_004,ZOLINZA,all,ridge_chemical_cell_clip_train,6014,5.412791545155993,4.12254832715231,-0.22167911555699882,0.10459169513696148,0.10150528121826657
lodo_004,ZOLINZA,central_abs_le_100,ridge_chemical_cell_clip_train,6014,5.412791545155993,4.12254832715231,-0.22167911555699882,0.10459169513696148,0.10150528121826657
lodo_004,ZOLINZA,exactly_one_unseen,ridge_chemical_cell_clip_train,6014,5.412791545155993,4.12254832715231,-0.22167911555699882,0.10459169513696148,0.10150528121826657
lodo_004,ZOLINZA,all,xgboost_chemical_cell,6014,5.057040339824907,3.7820228664961695,-0.0663686812965254,0.01960413896182205,-0.006993392247258378
lodo_004,ZOLINZA,central_abs_le_100,xgboost_chemical_cell,6014,5.057040339824907,3.7820228664961695,-0.0663686812965254,0.01960413896182205,-0.006993392247258378
lodo_004,ZOLINZA,exactly_one_unseen,xgboost_chemical_cell,6014,5.057040339824907,3.7820228664961695,-0.0663686812965254,0.01960413896182205,-0.006993392247258378
lodo_004,ZOLINZA,all,xgboost_chemical_cell_clip_train,6014,5.063994467888432,3.7882542286193313,-0.06930350587957812,0.015276905789923712,-0.007080046381112401
lodo_004,ZOLINZA,central_abs_le_100,xgboost_chemical_cell_clip_train,6014,5.063994467888432,3.7882542286193313,-0.06930350587957812,0.015276905789923712,-0.007080046381112401
lodo_004,ZOLINZA,exactly_one_unseen,xgboost_chemical_cell_clip_train,6014,5.063994467888432,3.7882542286193313,-0.06930350587957812,0.015276905789923712,-0.007080046381112401
lodo_004,ZOLINZA,all,xgboost_chemical_only_clip_train,6014,5.076054653827249,3.7984739494132747,-0.07440278292627922,-0.0011907994302003313,-0.020739499614204446
lodo_004,ZOLINZA,central_abs_le_100,xgboost_chemical_only_clip_train,6014,5.076054653827249,3.7984739494132747,-0.07440278292627922,-0.0011907994302003313,-0.020739499614204446
lodo_004,ZOLINZA,exactly_one_unseen,xgboost_chemical_only_clip_train,6014,5.076054653827249,3.7984739494132747,-0.07440278292627922,-0.0011907994302003313,-0.020739499614204446
lodo_004,ZOLINZA,all,xgboost_cell_only_clip_train,6014,4.884949922937289,3.6093954983176504,0.0049732013372009165,0.11106132715512747,0.16380503843923552
lodo_004,ZOLINZA,central_abs_le_100,xgboost_cell_only_clip_train,6014,4.884949922937289,3.6093954983176504,0.0049732013372009165,0.11106132715512747,0.16380503843923552
lodo_004,ZOLINZA,exactly_one_unseen,xgboost_cell_only_clip_train,6014,4.884949922937289,3.6093954983176504,0.0049732013372009165,0.11106132715512747,0.16380503843923552
lodo_005,DASATINIB,all,mean,6030,5.7908996329828195,3.9379584484650945,-0.0963129724579368,,
lodo_005,DASATINIB,central_abs_le_100,mean,6030,5.7908996329828195,3.9379584484650945,-0.0963129724579368,,
lodo_005,DASATINIB,exactly_one_unseen,mean,6030,5.7908996329828195,3.9379584484650945,-0.0963129724579368,,
lodo_005,DASATINIB,all,median,6030,5.7885475825767,3.936064676616916,-0.09542258931450753,,
lodo_005,DASATINIB,central_abs_le_100,median,6030,5.7885475825767,3.936064676616916,-0.09542258931450753,,
lodo_005,DASATINIB,exactly_one_unseen,median,6030,5.7885475825767,3.936064676616916,-0.09542258931450753,,
lodo_005,DASATINIB,all,ridge_identity,6030,5.806439889836478,3.9265002123460033,-0.10220492230879685,0.12346805832459422,0.18548207406153416
lodo_005,DASATINIB,central_abs_le_100,ridge_identity,6030,5.806439889836478,3.9265002123460033,-0.10220492230879685,0.12346805832459422,0.18548207406153416
lodo_005,DASATINIB,exactly_one_unseen,ridge_identity,6030,5.806439889836478,3.9265002123460033,-0.10220492230879685,0.12346805832459422,0.18548207406153416
lodo_005,DASATINIB,all,ridge_identity_clip_train,6030,5.806454097071142,3.926448897299122,-0.10221031607965592,0.1234432946435286,0.18547320386058586
lodo_005,DASATINIB,central_abs_le_100,ridge_identity_clip_train,6030,5.806454097071142,3.926448897299122,-0.10221031607965592,0.1234432946435286,0.18547320386058586
lodo_005,DASATINIB,exactly_one_unseen,ridge_identity_clip_train,6030,5.806454097071142,3.926448897299122,-0.10221031607965592,0.1234432946435286,0.18547320386058586
lodo_005,DASATINIB,all,xgboost_identity,6030,5.846710788660575,3.943233614849418,-0.11754675217409316,-0.013207482570093118,0.11438839408214098
lodo_005,DASATINIB,central_abs_le_100,xgboost_identity,6030,5.846710788660575,3.943233614849418,-0.11754675217409316,-0.013207482570093118,0.11438839408214098
lodo_005,DASATINIB,exactly_one_unseen,xgboost_identity,6030,5.846710788660575,3.943233614849418,-0.11754675217409316,-0.013207482570093118,0.11438839408214098
lodo_005,DASATINIB,all,xgboost_identity_clip_train,6030,5.846337429673516,3.943936099528338,-0.11740402823366858,-0.012327473956110516,0.11156972770845865
lodo_005,DASATINIB,central_abs_le_100,xgboost_identity_clip_train,6030,5.846337429673516,3.943936099528338,-0.11740402823366858,-0.012327473956110516,0.11156972770845865
lodo_005,DASATINIB,exactly_one_unseen,xgboost_identity_clip_train,6030,5.846337429673516,3.943936099528338,-0.11740402823366858,-0.012327473956110516,0.11156972770845865
lodo_005,DASATINIB,all,ridge_chemical_cell,6030,6.115879713452886,4.561469918952849,-0.22281384604400523,0.09718122198845759,0.1670861008521491
lodo_005,DASATINIB,central_abs_le_100,ridge_chemical_cell,6030,6.115879713452886,4.561469918952849,-0.22281384604400523,0.09718122198845759,0.1670861008521491
lodo_005,DASATINIB,exactly_one_unseen,ridge_chemical_cell,6030,6.115879713452886,4.561469918952849,-0.22281384604400523,0.09718122198845759,0.1670861008521491
lodo_005,DASATINIB,all,ridge_chemical_cell_clip_train,6030,6.118784577123098,4.564770577261948,-0.22397572340483296,0.096517491032442,0.16618375777463965
lodo_005,DASATINIB,central_abs_le_100,ridge_chemical_cell_clip_train,6030,6.118784577123098,4.564770577261948,-0.22397572340483296,0.096517491032442,0.16618375777463965
lodo_005,DASATINIB,exactly_one_unseen,ridge_chemical_cell_clip_train,6030,6.118784577123098,4.564770577261948,-0.22397572340483296,0.096517491032442,0.16618375777463965
lodo_005,DASATINIB,all,xgboost_chemical_cell,6030,5.733546119543052,3.8921603044396362,-0.07470457532830044,0.0764753742930088,0.16432226279920373
lodo_005,DASATINIB,central_abs_le_100,xgboost_chemical_cell,6030,5.733546119543052,3.8921603044396362,-0.07470457532830044,0.0764753742930088,0.16432226279920373
lodo_005,DASATINIB,exactly_one_unseen,xgboost_chemical_cell,6030,5.733546119543052,3.8921603044396362,-0.07470457532830044,0.0764753742930088,0.16432226279920373
lodo_005,DASATINIB,all,xgboost_chemical_cell_clip_train,6030,5.7356957213971125,3.8964408220822517,-0.07551057565106167,0.0715566728903709,0.16485064650321252
lodo_005,DASATINIB,central_abs_le_100,xgboost_chemical_cell_clip_train,6030,5.7356957213971125,3.8964408220822517,-0.07551057565106167,0.0715566728903709,0.16485064650321252
lodo_005,DASATINIB,exactly_one_unseen,xgboost_chemical_cell_clip_train,6030,5.7356957213971125,3.8964408220822517,-0.07551057565106167,0.0715566728903709,0.16485064650321252
lodo_005,DASATINIB,all,xgboost_chemical_only_clip_train,6030,5.770202926975661,3.9170528157159925,-0.08849051946863695,0.06599892904073008,0.16868377761378278
lodo_005,DASATINIB,central_abs_le_100,xgboost_chemical_only_clip_train,6030,5.770202926975661,3.9170528157159925,-0.08849051946863695,0.06599892904073008,0.16868377761378278
lodo_005,DASATINIB,exactly_one_unseen,xgboost_chemical_only_clip_train,6030,5.770202926975661,3.9170528157159925,-0.08849051946863695,0.06599892904073008,0.16868377761378278
lodo_005,DASATINIB,all,xgboost_cell_only_clip_train,6030,5.7503121253835285,3.90399246969392,-0.08099905613208813,0.11638683876125924,0.09517308095033498
lodo_005,DASATINIB,central_abs_le_100,xgboost_cell_only_clip_train,6030,5.7503121253835285,3.90399246969392,-0.08099905613208813,0.11638683876125924,0.09517308095033498
lodo_005,DASATINIB,exactly_one_unseen,xgboost_cell_only_clip_train,6030,5.7503121253835285,3.90399246969392,-0.08099905613208813,0.11638683876125924,0.09517308095033498
lodo_006,LAPATINIB,all,mean,6012,5.7471054626357025,3.9941601877205914,-0.06771872644246435,,
lodo_006,LAPATINIB,central_abs_le_100,mean,6012,5.7471054626357025,3.9941601877205914,-0.06771872644246435,,
lodo_006,LAPATINIB,exactly_one_unseen,mean,6012,5.7471054626357025,3.9941601877205914,-0.06771872644246435,,
lodo_006,LAPATINIB,all,median,6012,5.74661748182805,3.9937964071856284,-0.0675374163447251,,
lodo_006,LAPATINIB,central_abs_le_100,median,6012,5.74661748182805,3.9937964071856284,-0.0675374163447251,,
lodo_006,LAPATINIB,exactly_one_unseen,median,6012,5.74661748182805,3.9937964071856284,-0.0675374163447251,,
lodo_006,LAPATINIB,all,ridge_identity,6012,5.438666302774411,3.8578594256466707,0.04381186146707694,0.32930918680705146,0.27136344314288785
lodo_006,LAPATINIB,central_abs_le_100,ridge_identity,6012,5.438666302774411,3.8578594256466707,0.04381186146707694,0.32930918680705146,0.27136344314288785
lodo_006,LAPATINIB,exactly_one_unseen,ridge_identity,6012,5.438666302774411,3.8578594256466707,0.04381186146707694,0.32930918680705146,0.27136344314288785
lodo_006,LAPATINIB,all,ridge_identity_clip_train,6012,5.438974981898735,3.8579552237289247,0.0437033187925181,0.3291702921210268,0.27136943779972456
lodo_006,LAPATINIB,central_abs_le_100,ridge_identity_clip_train,6012,5.438974981898735,3.8579552237289247,0.0437033187925181,0.3291702921210268,0.27136943779972456
lodo_006,LAPATINIB,exactly_one_unseen,ridge_identity_clip_train,6012,5.438974981898735,3.8579552237289247,0.0437033187925181,0.3291702921210268,0.27136943779972456
lodo_006,LAPATINIB,all,xgboost_identity,6012,5.583094070682753,3.908934679166504,-0.007647002036215378,0.28362821654955706,0.2032202795632868
lodo_006,LAPATINIB,central_abs_le_100,xgboost_identity,6012,5.583094070682753,3.908934679166504,-0.007647002036215378,0.28362821654955706,0.2032202795632868
lodo_006,LAPATINIB,exactly_one_unseen,xgboost_identity,6012,5.583094070682753,3.908934679166504,-0.007647002036215378,0.28362821654955706,0.2032202795632868
lodo_006,LAPATINIB,all,xgboost_identity_clip_train,6012,5.584922692244045,3.909152784967945,-0.008307176041328912,0.2827405476503315,0.20266454825628502
lodo_006,LAPATINIB,central_abs_le_100,xgboost_identity_clip_train,6012,5.584922692244045,3.909152784967945,-0.008307176041328912,0.2827405476503315,0.20266454825628502
lodo_006,LAPATINIB,exactly_one_unseen,xgboost_identity_clip_train,6012,5.584922692244045,3.909152784967945,-0.008307176041328912,0.2827405476503315,0.20266454825628502
lodo_006,LAPATINIB,all,ridge_chemical_cell,6012,5.811300137149838,4.183568388134511,-0.09170459546411314,0.24213191332766315,0.23941692692242614
lodo_006,LAPATINIB,central_abs_le_100,ridge_chemical_cell,6012,5.811300137149838,4.183568388134511,-0.09170459546411314,0.24213191332766315,0.23941692692242614
lodo_006,LAPATINIB,exactly_one_unseen,ridge_chemical_cell,6012,5.811300137149838,4.183568388134511,-0.09170459546411314,0.24213191332766315,0.23941692692242614
lodo_006,LAPATINIB,all,ridge_chemical_cell_clip_train,6012,5.8255858832244805,4.197711688593094,-0.09707860253108636,0.2437053204528955,0.24173949979900616
lodo_006,LAPATINIB,central_abs_le_100,ridge_chemical_cell_clip_train,6012,5.8255858832244805,4.197711688593094,-0.09707860253108636,0.2437053204528955,0.24173949979900616
lodo_006,LAPATINIB,exactly_one_unseen,ridge_chemical_cell_clip_train,6012,5.8255858832244805,4.197711688593094,-0.09707860253108636,0.2437053204528955,0.24173949979900616
lodo_006,LAPATINIB,all,xgboost_chemical_cell,6012,5.215547522434687,3.7473282527255587,0.12065694059255838,0.3521476827815698,0.3144914391813917
lodo_006,LAPATINIB,central_abs_le_100,xgboost_chemical_cell,6012,5.215547522434687,3.7473282527255587,0.12065694059255838,0.3521476827815698,0.3144914391813917
lodo_006,LAPATINIB,exactly_one_unseen,xgboost_chemical_cell,6012,5.215547522434687,3.7473282527255587,0.12065694059255838,0.3521476827815698,0.3144914391813917
lodo_006,LAPATINIB,all,xgboost_chemical_cell_clip_train,6012,5.214816658294074,3.7611111057536486,0.12090337120283434,0.3545156477489657,0.31465792337441484
lodo_006,LAPATINIB,central_abs_le_100,xgboost_chemical_cell_clip_train,6012,5.214816658294074,3.7611111057536486,0.12090337120283434,0.3545156477489657,0.31465792337441484
lodo_006,LAPATINIB,exactly_one_unseen,xgboost_chemical_cell_clip_train,6012,5.214816658294074,3.7611111057536486,0.12090337120283434,0.3545156477489657,0.31465792337441484
lodo_006,LAPATINIB,all,xgboost_chemical_only_clip_train,6012,5.19183564657306,3.753462166651102,0.12863442535253755,0.3614679441310853,0.31536869937551953
lodo_006,LAPATINIB,central_abs_le_100,xgboost_chemical_only_clip_train,6012,5.19183564657306,3.753462166651102,0.12863442535253755,0.3614679441310853,0.31536869937551953
lodo_006,LAPATINIB,exactly_one_unseen,xgboost_chemical_only_clip_train,6012,5.19183564657306,3.753462166651102,0.12863442535253755,0.3614679441310853,0.31536869937551953
lodo_006,LAPATINIB,all,xgboost_cell_only_clip_train,6012,5.703657521721986,3.956766383762245,-0.05163590831067433,0.12618351267094885,0.10794433134321076
lodo_006,LAPATINIB,central_abs_le_100,xgboost_cell_only_clip_train,6012,5.703657521721986,3.956766383762245,-0.05163590831067433,0.12618351267094885,0.10794433134321076
lodo_006,LAPATINIB,exactly_one_unseen,xgboost_cell_only_clip_train,6012,5.703657521721986,3.956766383762245,-0.05163590831067433,0.12618351267094885,0.10794433134321076
lodo_007,METHOTREXATE,all,mean,5644,6.06116484925096,4.110931938882458,-0.07726941730446923,,
lodo_007,METHOTREXATE,central_abs_le_100,mean,5644,6.06116484925096,4.110931938882458,-0.07726941730446923,,
lodo_007,METHOTREXATE,exactly_one_unseen,mean,5644,6.06116484925096,4.110931938882458,-0.07726941730446923,,
lodo_007,METHOTREXATE,all,median,5644,6.057636394877924,4.1075807051736355,-0.07601553634479852,,
lodo_007,METHOTREXATE,central_abs_le_100,median,5644,6.057636394877924,4.1075807051736355,-0.07601553634479852,,
lodo_007,METHOTREXATE,exactly_one_unseen,median,5644,6.057636394877924,4.1075807051736355,-0.07601553634479852,,
lodo_007,METHOTREXATE,all,ridge_identity,5644,6.064990809421045,4.160337018102046,-0.07862984580669852,0.15066294406137185,0.18191331990375584
lodo_007,METHOTREXATE,central_abs_le_100,ridge_identity,5644,6.064990809421045,4.160337018102046,-0.07862984580669852,0.15066294406137185,0.18191331990375584
lodo_007,METHOTREXATE,exactly_one_unseen,ridge_identity,5644,6.064990809421045,4.160337018102046,-0.07862984580669852,0.15066294406137185,0.18191331990375584
lodo_007,METHOTREXATE,all,ridge_identity_clip_train,5644,6.064731851195385,4.160219862235064,-0.07853773878899806,0.1507632584144175,0.18190976985702745
lodo_007,METHOTREXATE,central_abs_le_100,ridge_identity_clip_train,5644,6.064731851195385,4.160219862235064,-0.07853773878899806,0.1507632584144175,0.18190976985702745
lodo_007,METHOTREXATE,exactly_one_unseen,ridge_identity_clip_train,5644,6.064731851195385,4.160219862235064,-0.07853773878899806,0.1507632584144175,0.18190976985702745
lodo_007,METHOTREXATE,all,xgboost_identity,5644,6.041713654587324,4.108664479125842,-0.07036627076423696,0.0950834163990795,0.11255314035808764
lodo_007,METHOTREXATE,central_abs_le_100,xgboost_identity,5644,6.041713654587324,4.108664479125842,-0.07036627076423696,0.0950834163990795,0.11255314035808764
lodo_007,METHOTREXATE,exactly_one_unseen,xgboost_identity,5644,6.041713654587324,4.108664479125842,-0.07036627076423696,0.0950834163990795,0.11255314035808764
lodo_007,METHOTREXATE,all,xgboost_identity_clip_train,5644,6.0424647208068585,4.108838146265296,-0.07063240913597846,0.09519965338566813,0.1138217511874213
lodo_007,METHOTREXATE,central_abs_le_100,xgboost_identity_clip_train,5644,6.0424647208068585,4.108838146265296,-0.07063240913597846,0.09519965338566813,0.1138217511874213
lodo_007,METHOTREXATE,exactly_one_unseen,xgboost_identity_clip_train,5644,6.0424647208068585,4.108838146265296,-0.07063240913597846,0.09519965338566813,0.1138217511874213
lodo_007,METHOTREXATE,all,ridge_chemical_cell,5644,5.882581522968613,4.10413620295488,-0.01472427006575705,0.1518232582047634,0.15366721849421408
lodo_007,METHOTREXATE,central_abs_le_100,ridge_chemical_cell,5644,5.882581522968613,4.10413620295488,-0.01472427006575705,0.1518232582047634,0.15366721849421408
lodo_007,METHOTREXATE,exactly_one_unseen,ridge_chemical_cell,5644,5.882581522968613,4.10413620295488,-0.01472427006575705,0.1518232582047634,0.15366721849421408
lodo_007,METHOTREXATE,all,ridge_chemical_cell_clip_train,5644,5.883338195371351,4.105679953881964,-0.014985333420419522,0.15201957157669116,0.15395525397973045
lodo_007,METHOTREXATE,central_abs_le_100,ridge_chemical_cell_clip_train,5644,5.883338195371351,4.105679953881964,-0.014985333420419522,0.15201957157669116,0.15395525397973045
lodo_007,METHOTREXATE,exactly_one_unseen,ridge_chemical_cell_clip_train,5644,5.883338195371351,4.105679953881964,-0.014985333420419522,0.15201957157669116,0.15395525397973045
lodo_007,METHOTREXATE,all,xgboost_chemical_cell,5644,5.884443715605571,3.98020333594608,-0.015366814889011815,0.07391827925338226,0.12029723956139718
lodo_007,METHOTREXATE,central_abs_le_100,xgboost_chemical_cell,5644,5.884443715605571,3.98020333594608,-0.015366814889011815,0.07391827925338226,0.12029723956139718
lodo_007,METHOTREXATE,exactly_one_unseen,xgboost_chemical_cell,5644,5.884443715605571,3.98020333594608,-0.015366814889011815,0.07391827925338226,0.12029723956139718
lodo_007,METHOTREXATE,all,xgboost_chemical_cell_clip_train,5644,5.862754790284728,3.962566465954772,-0.007895716085507543,0.081466269427101,0.12396067221438815
lodo_007,METHOTREXATE,central_abs_le_100,xgboost_chemical_cell_clip_train,5644,5.862754790284728,3.962566465954772,-0.007895716085507543,0.081466269427101,0.12396067221438815
lodo_007,METHOTREXATE,exactly_one_unseen,xgboost_chemical_cell_clip_train,5644,5.862754790284728,3.962566465954772,-0.007895716085507543,0.081466269427101,0.12396067221438815
lodo_007,METHOTREXATE,all,xgboost_chemical_only_clip_train,5644,5.960796957001015,4.02922240049742,-0.04188742475239171,0.019752994295290538,0.07529203220029666
lodo_007,METHOTREXATE,central_abs_le_100,xgboost_chemical_only_clip_train,5644,5.960796957001015,4.02922240049742,-0.04188742475239171,0.019752994295290538,0.07529203220029666
lodo_007,METHOTREXATE,exactly_one_unseen,xgboost_chemical_only_clip_train,5644,5.960796957001015,4.02922240049742,-0.04188742475239171,0.019752994295290538,0.07529203220029666
lodo_007,METHOTREXATE,all,xgboost_cell_only_clip_train,5644,6.025838460440198,4.1098426191649855,-0.0647486765194647,0.11006898031271647,0.1023742980015457
lodo_007,METHOTREXATE,central_abs_le_100,xgboost_cell_only_clip_train,5644,6.025838460440198,4.1098426191649855,-0.0647486765194647,0.11006898031271647,0.1023742980015457
lodo_007,METHOTREXATE,exactly_one_unseen,xgboost_cell_only_clip_train,5644,6.025838460440198,4.1098426191649855,-0.0647486765194647,0.11006898031271647,0.1023742980015457
lodo_008,5-FU,all,mean,5962,9.564769114349781,7.026923889425466,-0.23080503932889695,,
lodo_008,5-FU,central_abs_le_100,mean,5962,9.564769114349781,7.026923889425466,-0.23080503932889695,,
lodo_008,5-FU,exactly_one_unseen,mean,5962,9.564769114349781,7.026923889425466,-0.23080503932889695,,
lodo_008,5-FU,all,median,5962,9.538989286140257,7.006559124454882,-0.2241792271648182,,
lodo_008,5-FU,central_abs_le_100,median,5962,9.538989286140257,7.006559124454882,-0.2241792271648182,,
lodo_008,5-FU,exactly_one_unseen,median,5962,9.538989286140257,7.006559124454882,-0.2241792271648182,,
lodo_008,5-FU,all,ridge_identity,5962,9.375604404951106,6.84728502412744,-0.18260260842912945,0.23123254329633214,0.23055828873280687
lodo_008,5-FU,central_abs_le_100,ridge_identity,5962,9.375604404951106,6.84728502412744,-0.18260260842912945,0.23123254329633214,0.23055828873280687
lodo_008,5-FU,exactly_one_unseen,ridge_identity,5962,9.375604404951106,6.84728502412744,-0.18260260842912945,0.23123254329633214,0.23055828873280687
lodo_008,5-FU,all,ridge_identity_clip_train,5962,9.37552112239114,6.8471913675024645,-0.18258159864011558,0.2312654628904678,0.23056781412870186
lodo_008,5-FU,central_abs_le_100,ridge_identity_clip_train,5962,9.37552112239114,6.8471913675024645,-0.18258159864011558,0.2312654628904678,0.23056781412870186
lodo_008,5-FU,exactly_one_unseen,ridge_identity_clip_train,5962,9.37552112239114,6.8471913675024645,-0.18258159864011558,0.2312654628904678,0.23056781412870186
lodo_008,5-FU,all,xgboost_identity,5962,9.462364451221138,6.959608121498558,-0.2045910339718664,0.18751698229050748,0.17792539773716973
lodo_008,5-FU,central_abs_le_100,xgboost_identity,5962,9.462364451221138,6.959608121498558,-0.2045910339718664,0.18751698229050748,0.17792539773716973
lodo_008,5-FU,exactly_one_unseen,xgboost_identity,5962,9.462364451221138,6.959608121498558,-0.2045910339718664,0.18751698229050748,0.17792539773716973
lodo_008,5-FU,all,xgboost_identity_clip_train,5962,9.462685148843182,6.9595677526996855,-0.20467268714185471,0.1876113000860709,0.1810243830770656
lodo_008,5-FU,central_abs_le_100,xgboost_identity_clip_train,5962,9.462685148843182,6.9595677526996855,-0.20467268714185471,0.1876113000860709,0.1810243830770656
lodo_008,5-FU,exactly_one_unseen,xgboost_identity_clip_train,5962,9.462685148843182,6.9595677526996855,-0.20467268714185471,0.1876113000860709,0.1810243830770656
lodo_008,5-FU,all,ridge_chemical_cell,5962,9.739661272627066,7.174415673332448,-0.2762271815215158,0.1974068062690255,0.20166845383207885
lodo_008,5-FU,central_abs_le_100,ridge_chemical_cell,5962,9.739661272627066,7.174415673332448,-0.2762271815215158,0.1974068062690255,0.20166845383207885
lodo_008,5-FU,exactly_one_unseen,ridge_chemical_cell,5962,9.739661272627066,7.174415673332448,-0.2762271815215158,0.1974068062690255,0.20166845383207885
lodo_008,5-FU,all,ridge_chemical_cell_clip_train,5962,9.75286803580099,7.186268518506801,-0.2796905992024801,0.19560440404967339,0.19922991638475165
lodo_008,5-FU,central_abs_le_100,ridge_chemical_cell_clip_train,5962,9.75286803580099,7.186268518506801,-0.2796905992024801,0.19560440404967339,0.19922991638475165
lodo_008,5-FU,exactly_one_unseen,ridge_chemical_cell_clip_train,5962,9.75286803580099,7.186268518506801,-0.2796905992024801,0.19560440404967339,0.19922991638475165
lodo_008,5-FU,all,xgboost_chemical_cell,5962,9.345494248734969,6.8489258748636965,-0.17501884766569265,0.1484401838054618,0.1584790700360998
lodo_008,5-FU,central_abs_le_100,xgboost_chemical_cell,5962,9.345494248734969,6.8489258748636965,-0.17501884766569265,0.1484401838054618,0.1584790700360998
lodo_008,5-FU,exactly_one_unseen,xgboost_chemical_cell,5962,9.345494248734969,6.8489258748636965,-0.17501884766569265,0.1484401838054618,0.1584790700360998
lodo_008,5-FU,all,xgboost_chemical_cell_clip_train,5962,9.31847150444556,6.834325547551157,-0.16823347563528102,0.14954992924647317,0.15377404041712892
lodo_008,5-FU,central_abs_le_100,xgboost_chemical_cell_clip_train,5962,9.31847150444556,6.834325547551157,-0.16823347563528102,0.14954992924647317,0.15377404041712892
lodo_008,5-FU,exactly_one_unseen,xgboost_chemical_cell_clip_train,5962,9.31847150444556,6.834325547551157,-0.16823347563528102,0.14954992924647317,0.15377404041712892
lodo_008,5-FU,all,xgboost_chemical_only_clip_train,5962,9.32440422660884,6.83000388394184,-0.16972149025688044,0.13765066520596037,0.1525140402777208
lodo_008,5-FU,central_abs_le_100,xgboost_chemical_only_clip_train,5962,9.32440422660884,6.83000388394184,-0.16972149025688044,0.13765066520596037,0.1525140402777208
lodo_008,5-FU,exactly_one_unseen,xgboost_chemical_only_clip_train,5962,9.32440422660884,6.83000388394184,-0.16972149025688044,0.13765066520596037,0.1525140402777208
lodo_008,5-FU,all,xgboost_cell_only_clip_train,5962,9.498651220186648,6.976226773876926,-0.21384760590836183,0.1576853807195857,0.1737056135958914
lodo_008,5-FU,central_abs_le_100,xgboost_cell_only_clip_train,5962,9.498651220186648,6.976226773876926,-0.21384760590836183,0.1576853807195857,0.1737056135958914
lodo_008,5-FU,exactly_one_unseen,xgboost_cell_only_clip_train,5962,9.498651220186648,6.976226773876926,-0.21384760590836183,0.1576853807195857,0.1737056135958914
lodo_009,BORTEZOMIB,all,mean,5453,5.830004770771226,3.9381366008849876,-0.00965954609442754,,
lodo_009,BORTEZOMIB,central_abs_le_100,mean,5453,5.830004770771226,3.9381366008849876,-0.00965954609442754,,
lodo_009,BORTEZOMIB,exactly_one_unseen,mean,5453,5.830004770771226,3.9381366008849876,-0.00965954609442754,,
lodo_009,BORTEZOMIB,all,median,5453,5.829892742357506,3.9380039336145236,-0.00962074356337106,,
lodo_009,BORTEZOMIB,central_abs_le_100,median,5453,5.829892742357506,3.9380039336145236,-0.00962074356337106,,
lodo_009,BORTEZOMIB,exactly_one_unseen,median,5453,5.829892742357506,3.9380039336145236,-0.00962074356337106,,
lodo_009,BORTEZOMIB,all,ridge_identity,5453,5.766807073322134,3.9506961800177485,0.012111384927933955,0.19118608572258472,0.19201879203328617
lodo_009,BORTEZOMIB,central_abs_le_100,ridge_identity,5453,5.766807073322134,3.9506961800177485,0.012111384927933955,0.19118608572258472,0.19201879203328617
lodo_009,BORTEZOMIB,exactly_one_unseen,ridge_identity,5453,5.766807073322134,3.9506961800177485,0.012111384927933955,0.19118608572258472,0.19201879203328617
lodo_009,BORTEZOMIB,all,ridge_identity_clip_train,5453,5.766388802737723,3.9505996248541395,0.012254684246981729,0.19126051117372922,0.19200479979450294
lodo_009,BORTEZOMIB,central_abs_le_100,ridge_identity_clip_train,5453,5.766388802737723,3.9505996248541395,0.012254684246981729,0.19126051117372922,0.19200479979450294
lodo_009,BORTEZOMIB,exactly_one_unseen,ridge_identity_clip_train,5453,5.766388802737723,3.9505996248541395,0.012254684246981729,0.19126051117372922,0.19200479979450294
lodo_009,BORTEZOMIB,all,xgboost_identity,5453,5.7486641651766766,3.902017590984682,0.018317584717543522,0.16785337088881389,0.149094878916947
lodo_009,BORTEZOMIB,central_abs_le_100,xgboost_identity,5453,5.7486641651766766,3.902017590984682,0.018317584717543522,0.16785337088881389,0.149094878916947
lodo_009,BORTEZOMIB,exactly_one_unseen,xgboost_identity,5453,5.7486641651766766,3.902017590984682,0.018317584717543522,0.16785337088881389,0.149094878916947
lodo_009,BORTEZOMIB,all,xgboost_identity_clip_train,5453,5.746238695870555,3.900914321039391,0.019145790434689336,0.17002457611626703,0.15142991499774294
lodo_009,BORTEZOMIB,central_abs_le_100,xgboost_identity_clip_train,5453,5.746238695870555,3.900914321039391,0.019145790434689336,0.17002457611626703,0.15142991499774294
lodo_009,BORTEZOMIB,exactly_one_unseen,xgboost_identity_clip_train,5453,5.746238695870555,3.900914321039391,0.019145790434689336,0.17002457611626703,0.15142991499774294
lodo_009,BORTEZOMIB,all,ridge_chemical_cell,5453,6.082875160790574,4.265697427275297,-0.0991448832003401,0.11411053297126847,0.14851406360297162
lodo_009,BORTEZOMIB,central_abs_le_100,ridge_chemical_cell,5453,6.082875160790574,4.265697427275297,-0.0991448832003401,0.11411053297126847,0.14851406360297162
lodo_009,BORTEZOMIB,exactly_one_unseen,ridge_chemical_cell,5453,6.082875160790574,4.265697427275297,-0.0991448832003401,0.11411053297126847,0.14851406360297162
lodo_009,BORTEZOMIB,all,ridge_chemical_cell_clip_train,5453,6.085046949380009,4.267919234265739,-0.09992988581545781,0.11309729103947591,0.1473709549649792
lodo_009,BORTEZOMIB,central_abs_le_100,ridge_chemical_cell_clip_train,5453,6.085046949380009,4.267919234265739,-0.09992988581545781,0.11309729103947591,0.1473709549649792
lodo_009,BORTEZOMIB,exactly_one_unseen,ridge_chemical_cell_clip_train,5453,6.085046949380009,4.267919234265739,-0.09992988581545781,0.11309729103947591,0.1473709549649792
lodo_009,BORTEZOMIB,all,xgboost_chemical_cell,5453,5.901588172962469,4.058322481048928,-0.034605864240145,0.10111520148644876,0.0919770061809402
lodo_009,BORTEZOMIB,central_abs_le_100,xgboost_chemical_cell,5453,5.901588172962469,4.058322481048928,-0.034605864240145,0.10111520148644876,0.0919770061809402
lodo_009,BORTEZOMIB,exactly_one_unseen,xgboost_chemical_cell,5453,5.901588172962469,4.058322481048928,-0.034605864240145,0.10111520148644876,0.0919770061809402
lodo_009,BORTEZOMIB,all,xgboost_chemical_cell_clip_train,5453,5.885917015218519,4.037697483417557,-0.029118546423380298,0.10056663506058314,0.09632944101664286
lodo_009,BORTEZOMIB,central_abs_le_100,xgboost_chemical_cell_clip_train,5453,5.885917015218519,4.037697483417557,-0.029118546423380298,0.10056663506058314,0.09632944101664286
lodo_009,BORTEZOMIB,exactly_one_unseen,xgboost_chemical_cell_clip_train,5453,5.885917015218519,4.037697483417557,-0.029118546423380298,0.10056663506058314,0.09632944101664286
lodo_009,BORTEZOMIB,all,xgboost_chemical_only_clip_train,5453,5.863545358982802,4.006322966010323,-0.021310304374279943,0.10533451678029901,0.09769905250898112
lodo_009,BORTEZOMIB,central_abs_le_100,xgboost_chemical_only_clip_train,5453,5.863545358982802,4.006322966010323,-0.021310304374279943,0.10533451678029901,0.09769905250898112
lodo_009,BORTEZOMIB,exactly_one_unseen,xgboost_chemical_only_clip_train,5453,5.863545358982802,4.006322966010323,-0.021310304374279943,0.10533451678029901,0.09769905250898112
lodo_009,BORTEZOMIB,all,xgboost_cell_only_clip_train,5453,5.841534529495175,3.957756342675007,-0.013657018655428121,0.04798512676540806,0.07751037543569779
lodo_009,BORTEZOMIB,central_abs_le_100,xgboost_cell_only_clip_train,5453,5.841534529495175,3.957756342675007,-0.013657018655428121,0.04798512676540806,0.07751037543569779
lodo_009,BORTEZOMIB,exactly_one_unseen,xgboost_cell_only_clip_train,5453,5.841534529495175,3.957756342675007,-0.013657018655428121,0.04798512676540806,0.07751037543569779
