split,held_out,model,subset,fit_predict_seconds,n_test,rmse,mae,r2,pearson,spearman
random,,mean,all,0.00038933753967285156,81093,4023.018456089098,123.76496956542083,-4.109088938841765e-05,,
random,,mean,central_abs_le_100,0.00038933753967285156,80991,75.22942164975932,74.57912545058682,-56.4822905411704,,
random,,median,all,0.0022499561309814453,81093,4023.2236349650457,55.34037105987854,-0.0001431001352181216,,
random,,median,central_abs_le_100,0.0022499561309814453,80991,9.944425044536407,5.984394243706875,-0.004426070684406369,,
random,,ridge,all,0.06643795967102051,81093,4123.188889470949,179.47628793199567,-0.05046178360092468,0.09768115569792454,0.06775016889722663
random,,ridge,central_abs_le_100,0.06643795967102051,80991,1361.2532527038122,130.97485138188352,-18819.730692350993,0.023514021784775387,0.06783435453041481
random,,random_forest,all,0.4877607822418213,81093,4014.9408660130625,120.95813696199436,0.003970728832187409,0.06329956878804574,0.21439622454296658
random,,random_forest,central_abs_le_100,0.4877607822418213,80991,257.7748530520281,71.9814753765343,-673.9004462068519,0.02753486431048495,0.21236756337601273
random,,extra_trees,all,0.3390047550201416,81093,4022.259788415441,120.19420999432579,0.0003360524510691576,0.052375449254567975,0.05075369451470671
random,,extra_trees,central_abs_le_100,0.3390047550201416,80991,412.5836673046153,71.27617024386464,-1727.9509915031613,0.01605886216950917,0.04860063699203332
random,,xgboost,all,0.3234066963195801,81093,5499.227491171267,127.99610660186417,-0.86860353896969,0.028200772036880654,0.03475491874233904
random,,xgboost,central_abs_le_100,0.3234066963195801,80991,3824.8305942169463,77.92050777900698,-148586.75754634893,0.008151180678617696,0.030698397562838646
random,,ridge_clip_train,all,0.07433700561523438,81093,4023.144117246683,54.62499903538006,-0.00010356551390877655,0.01702163634112192,0.39740218909481656
random,,ridge_clip_train,central_abs_le_100,0.07433700561523438,80991,8.572419700777296,5.281855293500968,0.2536105867579812,0.5042484949614434,0.39581007682720354
random,,xgboost_clip_train,all,0.43080878257751465,81093,4023.1926864234442,54.76541015221498,-0.00012771304561143282,0.00925071838924699,0.3418254245202733
random,,xgboost_clip_train,central_abs_le_100,0.43080878257751465,80991,8.70918662636775,5.426876091698216,0.22960436511270665,0.48242008308663226,0.33966288538368755
lodo_000,RUXOLITINIB,mean,all,0.0003600120544433594,9660,69.34180873318982,67.6110360398431,-8.91827138454185,,
lodo_000,RUXOLITINIB,mean,central_abs_le_100,0.0003600120544433594,9599,67.93846985671306,67.14819371912725,-38.08131934867559,,
lodo_000,RUXOLITINIB,mean,exactly_one_unseen,0.0003600120544433594,9660,69.34180873318982,67.6110360398431,-8.91827138454185,,
lodo_000,RUXOLITINIB,median,all,0.001978158950805664,9660,22.494928751849134,8.00247552795031,-0.04379424918046415,,
lodo_000,RUXOLITINIB,median,central_abs_le_100,0.001978158950805664,9599,11.356760059644442,6.713698859256173,-0.09206023821436382,,
lodo_000,RUXOLITINIB,median,exactly_one_unseen,0.001978158950805664,9660,22.494928751849134,8.00247552795031,-0.04379424918046415,,
lodo_000,RUXOLITINIB,ridge,all,0.12975692749023438,9660,2854.149149240085,556.1953491652794,-16802.47036646293,0.08959248733808953,-0.08808175208400401
lodo_000,RUXOLITINIB,ridge,central_abs_le_100,0.12975692749023438,9599,2805.546925497344,548.7835452687412,-66644.7973704682,0.16273224567647782,-0.07878898253291317
lodo_000,RUXOLITINIB,ridge,exactly_one_unseen,0.12975692749023438,9660,2854.149149240085,556.1953491652794,-16802.47036646293,0.08959248733808953,-0.08808175208400401
lodo_000,RUXOLITINIB,random_forest,all,0.4788329601287842,9660,355.6886670339117,54.97396851579765,-259.9670712461782,0.001717467241291573,0.2229995958029617
lodo_000,RUXOLITINIB,random_forest,central_abs_le_100,0.4788329601287842,9599,356.4663241748469,54.33937907596433,-1074.90694205999,0.003934766616121305,0.2152606254697697
lodo_000,RUXOLITINIB,random_forest,exactly_one_unseen,0.4788329601287842,9660,355.6886670339117,54.97396851579765,-259.9670712461782,0.001717467241291573,0.2229995958029617
lodo_000,RUXOLITINIB,extra_trees,all,0.3345069885253906,9660,448.30151609744377,55.18866358316335,-413.5587355812932,0.000525244574602689,0.23006261160847385
lodo_000,RUXOLITINIB,extra_trees,central_abs_le_100,0.3345069885253906,9599,449.4445921532892,54.552874454887416,-1709.369772615387,0.0015934389229340811,0.22114714849270775
lodo_000,RUXOLITINIB,extra_trees,exactly_one_unseen,0.3345069885253906,9660,448.30151609744377,55.18866358316335,-413.5587355812932,0.000525244574602689,0.23006261160847385
lodo_000,RUXOLITINIB,xgboost,all,0.30931806564331055,9660,4492.687553760251,267.90750626993685,-41633.953951681586,0.0721169943148613,0.05520844110796407
lodo_000,RUXOLITINIB,xgboost,central_abs_le_100,0.30931806564331055,9599,4477.379393280517,260.4404430855554,-169739.5036328936,0.13618224217089223,0.05082573907628003
lodo_000,RUXOLITINIB,xgboost,exactly_one_unseen,0.30931806564331055,9660,4492.687553760251,267.90750626993685,-41633.953951681586,0.0721169943148613,0.05520844110796407
lodo_000,RUXOLITINIB,ridge_clip_train,all,0.14104199409484863,9660,22.209020384071277,9.97150377191411,-0.017429817601056108,0.23362959115281184,0.3439339747664505
lodo_000,RUXOLITINIB,ridge_clip_train,central_abs_le_100,0.14104199409484863,9599,13.126524469207892,8.837416838608629,-0.4589392190376691,0.3026348220192915,0.3363769712964864
lodo_000,RUXOLITINIB,ridge_clip_train,exactly_one_unseen,0.14104199409484863,9660,22.209020384071277,9.97150377191411,-0.017429817601056108,0.23362959115281184,0.3439339747664505
lodo_000,RUXOLITINIB,xgboost_clip_train,all,0.32936978340148926,9660,21.504684417239545,8.25162947767663,0.0460803322052048,0.22209604157985263,0.2933878688107206
lodo_000,RUXOLITINIB,xgboost_clip_train,central_abs_le_100,0.32936978340148926,9599,10.957290373769037,7.050040691426983,-0.016585792446549785,0.2776312375173574,0.2832392016827866
lodo_000,RUXOLITINIB,xgboost_clip_train,exactly_one_unseen,0.32936978340148926,9660,21.504684417239545,8.25162947767663,0.0460803322052048,0.22209604157985263,0.2933878688107206
lodo_001,TEMOZOLOMIDE,mean,all,0.0003161430358886719,9253,69.02714364117593,68.24326571996903,-42.163253550391964,,
lodo_001,TEMOZOLOMIDE,mean,central_abs_le_100,0.0003161430358886719,9251,69.03298298857263,68.25106263504091,-43.030510645969855,,
lodo_001,TEMOZOLOMIDE,mean,exactly_one_unseen,0.0003161430358886719,8562,69.57704102622644,68.92825274347688,-51.694223942738944,,
lodo_001,TEMOZOLOMIDE,median,all,0.0018911361694335938,9253,10.716099207140985,6.332815222090132,-0.04027418029535568,,
lodo_001,TEMOZOLOMIDE,median,central_abs_le_100,0.0018911361694335938,9251,10.610736371676202,6.312022402983461,-0.04023506899891727,,
lodo_001,TEMOZOLOMIDE,median,exactly_one_unseen,0.0018911361694335938,8562,9.689107476215401,5.63139094253679,-0.021877058570614283,,
lodo_001,TEMOZOLOMIDE,ridge,all,0.12731194496154785,9253,1735.0014463148261,451.9709071576605,-27268.303818536937,0.07310105537492485,0.0367297829226769
lodo_001,TEMOZOLOMIDE,ridge,central_abs_le_100,0.12731194496154785,9251,1735.1762056041573,451.98311669683585,-27817.109299710184,0.07398963773268386,0.03676800107623921
lodo_001,TEMOZOLOMIDE,ridge,exactly_one_unseen,0.12731194496154785,8562,1792.4163242710797,431.35041523030253,-34970.06703454079,0.07123435332509098,-0.0559406862875677
lodo_001,TEMOZOLOMIDE,random_forest,all,0.4692521095275879,9253,390.55002298217073,56.610785264127465,-1380.7443699533897,0.04080105179272058,0.2538286728847575
lodo_001,TEMOZOLOMIDE,random_forest,central_abs_le_100,0.4692521095275879,9251,390.59171726993645,56.613649134401946,-1408.5695232559838,0.041206812456960895,0.25343057867486485
lodo_001,TEMOZOLOMIDE,random_forest,exactly_one_unseen,0.4692521095275879,8562,405.74445668042654,57.24828081594733,-1790.9929341025907,0.04638459504763695,0.19993264361159632
lodo_001,TEMOZOLOMIDE,extra_trees,all,0.34997010231018066,9253,422.856308667911,52.951886671411735,-1618.7947867492471,0.04807270016122523,0.241126622049985
lodo_001,TEMOZOLOMIDE,extra_trees,central_abs_le_100,0.34997010231018066,9251,422.9013703113268,52.952473801409134,-1651.4130902463667,0.04856764775620392,0.2407239031092012
lodo_001,TEMOZOLOMIDE,extra_trees,exactly_one_unseen,0.34997010231018066,8562,439.4057943948253,53.836573961316624,-2100.660983428157,0.05525725208701207,0.18498927727077968
lodo_001,TEMOZOLOMIDE,xgboost,all,0.3318789005279541,9253,797.2130682463206,38.20012539328362,-5756.357356264823,0.0669913469614052,0.042566245275948114
lodo_001,TEMOZOLOMIDE,xgboost,central_abs_le_100,0.3318789005279541,9251,797.2981600718739,38.189094132866785,-5872.297040659058,0.06772766723490552,0.042593698571094726
lodo_001,TEMOZOLOMIDE,xgboost,exactly_one_unseen,0.3318789005279541,8562,828.7456320698783,40.27668602733349,-7475.074275238645,0.07867899017789692,0.046364510657151095
lodo_001,TEMOZOLOMIDE,ridge_clip_train,all,0.1446552276611328,9253,10.305664876007071,6.28018307848616,0.03788629771446783,0.2972145725465485,0.22252980275689635
lodo_001,TEMOZOLOMIDE,ridge_clip_train,central_abs_le_100,0.1446552276611328,9251,10.196593298064748,6.25944220941175,0.039382184599978665,0.29980781443862786,0.22254656213478335
lodo_001,TEMOZOLOMIDE,ridge_clip_train,exactly_one_unseen,0.1446552276611328,8562,9.281697528911065,5.611949828254445,0.06225247694446712,0.3084807502504827,0.19877701962958658
lodo_001,TEMOZOLOMIDE,xgboost_clip_train,all,0.31743383407592773,9253,10.413197773064478,6.286744278338604,0.017703487984181976,0.24062839846923292,0.11430384490106688
lodo_001,TEMOZOLOMIDE,xgboost_clip_train,central_abs_le_100,0.31743383407592773,9251,10.305715869262153,6.266046769234428,0.018711359577287867,0.24260504443258368,0.11425354343305778
lodo_001,TEMOZOLOMIDE,xgboost_clip_train,exactly_one_unseen,0.31743383407592773,8562,9.369180290251766,5.600675264943442,0.04449207204925876,0.25902174016802926,0.11012745943492484
lodo_002,SORAFENIB,mean,all,0.00034117698669433594,7609,71.33776497943767,70.66316128525878,-41.04148014235701,,
lodo_002,SORAFENIB,mean,central_abs_le_100,0.00034117698669433594,7607,71.06491397087622,70.59225444865604,-74.42642105813535,,
lodo_002,SORAFENIB,mean,exactly_one_unseen,0.00034117698669433594,7609,71.33776497943767,70.66316128525878,-41.04148014235701,,
lodo_002,SORAFENIB,median,all,0.001954793930053711,7609,11.009751762129518,5.241527927454332,-0.0013687964785717988,,
lodo_002,SORAFENIB,median,central_abs_le_100,0.001954793930053711,7607,8.198835610256303,5.134996319179702,-0.003962264275861438,,
lodo_002,SORAFENIB,median,exactly_one_unseen,0.001954793930053711,7609,11.009751762129518,5.241527927454332,-0.0013687964785717988,,
lodo_002,SORAFENIB,ridge,all,0.13626909255981445,7609,419.70158160132974,392.1287240557642,-1454.1917097690646,0.006854490217480566,-0.03192931396067729
lodo_002,SORAFENIB,ridge,central_abs_le_100,0.13626909255981445,7607,419.3012327435824,391.9163334789447,-2624.822167508137,0.038453661346695894,-0.03195332959325084
lodo_002,SORAFENIB,ridge,exactly_one_unseen,0.13626909255981445,7609,419.70158160132974,392.1287240557642,-1454.1917097690646,0.006854490217480566,-0.03192931396067729
lodo_002,SORAFENIB,random_forest,all,0.4487881660461426,7609,63.492504648986376,55.98731755919794,-32.30304307850681,0.05611014596125674,0.2038094574347594
lodo_002,SORAFENIB,random_forest,central_abs_le_100,0.4487881660461426,7607,63.19020851960791,55.920717001183064,-58.636563387764205,0.06313192728929333,0.20318577811444383
lodo_002,SORAFENIB,random_forest,exactly_one_unseen,0.4487881660461426,7609,63.492504648986376,55.98731755919794,-32.30304307850681,0.05611014596125674,0.2038094574347594
lodo_002,SORAFENIB,extra_trees,all,0.3378000259399414,7609,64.55683067514245,52.92974084893136,-33.428920243607074,0.03523887084758229,0.1859201440794194
lodo_002,SORAFENIB,extra_trees,central_abs_le_100,0.3378000259399414,7607,64.2529408795104,52.86107969783976,-60.65936565685327,0.03825669482236509,0.18531951723478113
lodo_002,SORAFENIB,extra_trees,exactly_one_unseen,0.3378000259399414,7609,64.55683067514245,52.92974084893136,-33.428920243607074,0.03523887084758229,0.1859201440794194
lodo_002,SORAFENIB,xgboost,all,0.3103342056274414,7609,50.895730314051136,13.712333532253409,-20.399405155929934,0.002059098244525189,0.015935759647115737
lodo_002,SORAFENIB,xgboost,central_abs_le_100,0.3103342056274414,7607,50.393960785616144,13.611144491229526,-36.92888005872309,0.0030007472909888634,0.015956822508095648
lodo_002,SORAFENIB,xgboost,exactly_one_unseen,0.3103342056274414,7609,50.895730314051136,13.712333532253409,-20.399405155929934,0.002059098244525189,0.015935759647115737
lodo_002,SORAFENIB,ridge_clip_train,all,0.14453625679016113,7609,10.53590488452101,4.947478871460859,0.0829718174698082,0.2890826925519918,0.2589569626453232
lodo_002,SORAFENIB,ridge_clip_train,central_abs_le_100,0.14453625679016113,7607,7.630618790058648,4.842049693002743,0.13037393706762035,0.36175422341534,0.25844630712290906
lodo_002,SORAFENIB,ridge_clip_train,exactly_one_unseen,0.14453625679016113,7609,10.53590488452101,4.947478871460859,0.0829718174698082,0.2890826925519918,0.2589569626453232
lodo_002,SORAFENIB,xgboost_clip_train,all,0.3299088478088379,7609,10.660850510187394,4.996849356968315,0.06109271790688453,0.2512188029545936,0.1847144490708891
lodo_002,SORAFENIB,xgboost_clip_train,central_abs_le_100,0.3299088478088379,7607,7.758156448066299,4.890863710353582,0.1010612571168873,0.32419885391791065,0.18387011361716638
lodo_002,SORAFENIB,xgboost_clip_train,exactly_one_unseen,0.3299088478088379,7609,10.660850510187394,4.996849356968315,0.06109271790688453,0.2512188029545936,0.1847144490708891
lodo_003,SUNITINIB,mean,all,0.00034308433532714844,7555,70.21818430408332,69.86188282421759,-97.78823434428314,,
lodo_003,SUNITINIB,mean,central_abs_le_100,0.00034308433532714844,7555,70.21818430408332,69.86188282421759,-97.78823434428314,,
lodo_003,SUNITINIB,mean,exactly_one_unseen,0.00034308433532714844,7555,70.21818430408332,69.86188282421759,-97.78823434428314,,
lodo_003,SUNITINIB,median,all,0.002386808395385742,7555,7.0677069589889125,4.546369291859696,-0.0008364220734229377,,
lodo_003,SUNITINIB,median,central_abs_le_100,0.002386808395385742,7555,7.0677069589889125,4.546369291859696,-0.0008364220734229377,,
lodo_003,SUNITINIB,median,exactly_one_unseen,0.002386808395385742,7555,7.0677069589889125,4.546369291859696,-0.0008364220734229377,,
lodo_003,SUNITINIB,ridge,all,0.13330602645874023,7555,388.9834558205283,388.62950249464126,-3030.5748354077023,-0.0080048557318547,0.008434147260493538
lodo_003,SUNITINIB,ridge,central_abs_le_100,0.13330602645874023,7555,388.9834558205283,388.62950249464126,-3030.5748354077023,-0.0080048557318547,0.008434147260493538
lodo_003,SUNITINIB,ridge,exactly_one_unseen,0.13330602645874023,7555,388.9834558205283,388.62950249464126,-3030.5748354077023,-0.0080048557318547,0.008434147260493538
lodo_003,SUNITINIB,random_forest,all,0.46324586868286133,7555,47.82057439649076,47.235152579065975,-44.81794529062214,0.18538846285597316,0.13338058061698838
lodo_003,SUNITINIB,random_forest,central_abs_le_100,0.46324586868286133,7555,47.82057439649076,47.235152579065975,-44.81794529062214,0.18538846285597316,0.13338058061698838
lodo_003,SUNITINIB,random_forest,exactly_one_unseen,0.46324586868286133,7555,47.82057439649076,47.235152579065975,-44.81794529062214,0.18538846285597316,0.13338058061698838
lodo_003,SUNITINIB,extra_trees,all,0.32868504524230957,7555,51.06455672832569,50.47301358588897,-51.24505194116868,0.10285750938119247,0.1391368694713766
lodo_003,SUNITINIB,extra_trees,central_abs_le_100,0.32868504524230957,7555,51.06455672832569,50.47301358588897,-51.24505194116868,0.10285750938119247,0.1391368694713766
lodo_003,SUNITINIB,extra_trees,exactly_one_unseen,0.32868504524230957,7555,51.06455672832569,50.47301358588897,-51.24505194116868,0.10285750938119247,0.1391368694713766
lodo_003,SUNITINIB,xgboost,all,0.3134441375732422,7555,12.162749120085715,10.383869318455027,-1.9639408338402151,0.03500565637557465,0.01924784568012326
lodo_003,SUNITINIB,xgboost,central_abs_le_100,0.3134441375732422,7555,12.162749120085715,10.383869318455027,-1.9639408338402151,0.03500565637557465,0.01924784568012326
lodo_003,SUNITINIB,xgboost,exactly_one_unseen,0.3134441375732422,7555,12.162749120085715,10.383869318455027,-1.9639408338402151,0.03500565637557465,0.01924784568012326
lodo_003,SUNITINIB,ridge_clip_train,all,0.14513707160949707,7555,6.206109565710329,4.16488219045053,0.2283063799049423,0.4977235553723286,0.33939775262444855
lodo_003,SUNITINIB,ridge_clip_train,central_abs_le_100,0.14513707160949707,7555,6.206109565710329,4.16488219045053,0.2283063799049423,0.4977235553723286,0.33939775262444855
lodo_003,SUNITINIB,ridge_clip_train,exactly_one_unseen,0.14513707160949707,7555,6.206109565710329,4.16488219045053,0.2283063799049423,0.4977235553723286,0.33939775262444855
lodo_003,SUNITINIB,xgboost_clip_train,all,0.31250905990600586,7555,6.410120510059542,4.314809689526648,0.176737333673339,0.4317890508953855,0.2525716611679891
lodo_003,SUNITINIB,xgboost_clip_train,central_abs_le_100,0.31250905990600586,7555,6.410120510059542,4.314809689526648,0.176737333673339,0.4317890508953855,0.2525716611679891
lodo_003,SUNITINIB,xgboost_clip_train,exactly_one_unseen,0.31250905990600586,7555,6.410120510059542,4.314809689526648,0.176737333673339,0.4317890508953855,0.2525716611679891
lodo_004,ZOLINZA,mean,all,0.00033211708068847656,7535,69.68868718960283,69.4617616510743,-152.8000866842569,,
lodo_004,ZOLINZA,mean,central_abs_le_100,0.00033211708068847656,7535,69.68868718960283,69.4617616510743,-152.8000866842569,,
lodo_004,ZOLINZA,mean,exactly_one_unseen,0.00033211708068847656,7535,69.68868718960283,69.4617616510743,-152.8000866842569,,
lodo_004,ZOLINZA,median,all,0.0034477710723876953,7535,5.65058428280888,3.8994104180491043,-0.011157314959680642,,
lodo_004,ZOLINZA,median,central_abs_le_100,0.0034477710723876953,7535,5.65058428280888,3.8994104180491043,-0.011157314959680642,,
lodo_004,ZOLINZA,median,exactly_one_unseen,0.0034477710723876953,7535,5.65058428280888,3.8994104180491043,-0.011157314959680642,,
lodo_004,ZOLINZA,ridge,all,0.13669824600219727,7535,402.1616700265868,389.5440428499585,-5120.9267719890095,0.0061137945935292835,0.013993673103182155
lodo_004,ZOLINZA,ridge,central_abs_le_100,0.13669824600219727,7535,402.1616700265868,389.5440428499585,-5120.9267719890095,0.0061137945935292835,0.013993673103182155
lodo_004,ZOLINZA,ridge,exactly_one_unseen,0.13669824600219727,7535,402.1616700265868,389.5440428499585,-5120.9267719890095,0.0061137945935292835,0.013993673103182155
lodo_004,ZOLINZA,random_forest,all,0.4481070041656494,7535,61.73942080813188,56.283352118954085,-119.71385395979648,0.031526212322508525,0.12314350998414735
lodo_004,ZOLINZA,random_forest,central_abs_le_100,0.4481070041656494,7535,61.73942080813188,56.283352118954085,-119.71385395979648,0.031526212322508525,0.12314350998414735
lodo_004,ZOLINZA,random_forest,exactly_one_unseen,0.4481070041656494,7535,61.73942080813188,56.283352118954085,-119.71385395979648,0.031526212322508525,0.12314350998414735
lodo_004,ZOLINZA,extra_trees,all,0.380612850189209,7535,58.393568549752956,53.017399490821994,-106.98465549220519,0.013409516493480593,0.07089785355330594
lodo_004,ZOLINZA,extra_trees,central_abs_le_100,0.380612850189209,7535,58.393568549752956,53.017399490821994,-106.98465549220519,0.013409516493480593,0.07089785355330594
lodo_004,ZOLINZA,extra_trees,exactly_one_unseen,0.380612850189209,7535,58.393568549752956,53.017399490821994,-106.98465549220519,0.013409516493480593,0.07089785355330594
lodo_004,ZOLINZA,xgboost,all,0.31658196449279785,7535,34.86841954344233,11.662082961533919,-37.50317466338066,-0.0024265714503921574,-0.004589477325039925
lodo_004,ZOLINZA,xgboost,central_abs_le_100,0.31658196449279785,7535,34.86841954344233,11.662082961533919,-37.50317466338066,-0.0024265714503921574,-0.004589477325039925
lodo_004,ZOLINZA,xgboost,exactly_one_unseen,0.31658196449279785,7535,34.86841954344233,11.662082961533919,-37.50317466338066,-0.0024265714503921574,-0.004589477325039925
lodo_004,ZOLINZA,ridge_clip_train,all,0.14566588401794434,7535,5.952339054756767,4.231554314084179,-0.1220374084023137,0.16638596704517197,0.1295866319170779
lodo_004,ZOLINZA,ridge_clip_train,central_abs_le_100,0.14566588401794434,7535,5.952339054756767,4.231554314084179,-0.1220374084023137,0.16638596704517197,0.1295866319170779
lodo_004,ZOLINZA,ridge_clip_train,exactly_one_unseen,0.14566588401794434,7535,5.952339054756767,4.231554314084179,-0.1220374084023137,0.16638596704517197,0.1295866319170779
lodo_004,ZOLINZA,xgboost_clip_train,all,0.3309171199798584,7535,5.943875825106619,4.184975663271914,-0.1188489780148323,0.09769472322629563,0.05374108617026156
lodo_004,ZOLINZA,xgboost_clip_train,central_abs_le_100,0.3309171199798584,7535,5.943875825106619,4.184975663271914,-0.1188489780148323,0.09769472322629563,0.05374108617026156
lodo_004,ZOLINZA,xgboost_clip_train,exactly_one_unseen,0.3309171199798584,7535,5.943875825106619,4.184975663271914,-0.1188489780148323,0.09769472322629563,0.05374108617026156
lodo_005,DASATINIB,mean,all,0.0005431175231933594,7426,68.48141142079422,68.23087842768082,-135.92190122885447,,
lodo_005,DASATINIB,mean,central_abs_le_100,0.0005431175231933594,7426,68.48141142079422,68.23087842768082,-135.92190122885447,,
lodo_005,DASATINIB,mean,exactly_one_unseen,0.0005431175231933594,7426,68.48141142079422,68.23087842768082,-135.92190122885447,,
lodo_005,DASATINIB,median,all,0.0022890567779541016,7426,6.123933516018661,4.19438590762187,-0.09493528108083238,,
lodo_005,DASATINIB,median,central_abs_le_100,0.0022890567779541016,7426,6.123933516018661,4.19438590762187,-0.09493528108083238,,
lodo_005,DASATINIB,median,exactly_one_unseen,0.0022890567779541016,7426,6.123933516018661,4.19438590762187,-0.09493528108083238,,
lodo_005,DASATINIB,ridge,all,0.1308300495147705,7426,413.9082562719541,388.4770699407058,-5000.907940513552,0.011558583154964257,0.03279156543659216
lodo_005,DASATINIB,ridge,central_abs_le_100,0.1308300495147705,7426,413.9082562719541,388.4770699407058,-5000.907940513552,0.011558583154964257,0.03279156543659216
lodo_005,DASATINIB,ridge,exactly_one_unseen,0.1308300495147705,7426,413.9082562719541,388.4770699407058,-5000.907940513552,0.011558583154964257,0.03279156543659216
lodo_005,DASATINIB,random_forest,all,0.4534730911254883,7426,60.251002628653616,48.83273977027613,-104.98784750458974,0.016711844123866185,0.03644967410301483
lodo_005,DASATINIB,random_forest,central_abs_le_100,0.4534730911254883,7426,60.251002628653616,48.83273977027613,-104.98784750458974,0.016711844123866185,0.03644967410301483
lodo_005,DASATINIB,random_forest,exactly_one_unseen,0.4534730911254883,7426,60.251002628653616,48.83273977027613,-104.98784750458974,0.016711844123866185,0.03644967410301483
lodo_005,DASATINIB,extra_trees,all,0.34180593490600586,7426,59.343426844302215,47.48862434674237,-101.81885387230754,0.029364687192855128,0.0798149786340043
lodo_005,DASATINIB,extra_trees,central_abs_le_100,0.34180593490600586,7426,59.343426844302215,47.48862434674237,-101.81885387230754,0.029364687192855128,0.0798149786340043
lodo_005,DASATINIB,extra_trees,exactly_one_unseen,0.34180593490600586,7426,59.343426844302215,47.48862434674237,-101.81885387230754,0.029364687192855128,0.0798149786340043
lodo_005,DASATINIB,xgboost,all,0.32016706466674805,7426,48.615469009670946,11.566881506001632,-68.00435095288935,0.01197283826852134,0.016509258830861056
lodo_005,DASATINIB,xgboost,central_abs_le_100,0.32016706466674805,7426,48.615469009670946,11.566881506001632,-68.00435095288935,0.01197283826852134,0.016509258830861056
lodo_005,DASATINIB,xgboost,exactly_one_unseen,0.32016706466674805,7426,48.615469009670946,11.566881506001632,-68.00435095288935,0.01197283826852134,0.016509258830861056
lodo_005,DASATINIB,ridge_clip_train,all,0.14940381050109863,7426,5.9781020649150864,4.0931412947540755,-0.043408010507107964,0.2403153997715467,0.2426765885722841
lodo_005,DASATINIB,ridge_clip_train,central_abs_le_100,0.14940381050109863,7426,5.9781020649150864,4.0931412947540755,-0.043408010507107964,0.2403153997715467,0.2426765885722841
lodo_005,DASATINIB,ridge_clip_train,exactly_one_unseen,0.14940381050109863,7426,5.9781020649150864,4.0931412947540755,-0.043408010507107964,0.2403153997715467,0.2426765885722841
lodo_005,DASATINIB,xgboost_clip_train,all,0.35634374618530273,7426,6.022218986544496,4.096332030394262,-0.058865023837748165,0.040516677187197064,0.1251476001736296
lodo_005,DASATINIB,xgboost_clip_train,central_abs_le_100,0.35634374618530273,7426,6.022218986544496,4.096332030394262,-0.058865023837748165,0.040516677187197064,0.1251476001736296
lodo_005,DASATINIB,xgboost_clip_train,exactly_one_unseen,0.35634374618530273,7426,6.022218986544496,4.096332030394262,-0.058865023837748165,0.040516677187197064,0.1251476001736296
lodo_006,LAPATINIB,mean,all,0.00035309791564941406,7246,68.76186173146787,68.52950275560151,-147.21514338048965,,
lodo_006,LAPATINIB,mean,central_abs_le_100,0.00035309791564941406,7246,68.76186173146787,68.52950275560151,-147.21514338048965,,
lodo_006,LAPATINIB,mean,exactly_one_unseen,0.00035309791564941406,7246,68.76186173146787,68.52950275560151,-147.21514338048965,,
lodo_006,LAPATINIB,median,all,0.0022280216217041016,7246,5.83615847309586,4.108146839635661,-0.0677054933342991,,
lodo_006,LAPATINIB,median,central_abs_le_100,0.0022280216217041016,7246,5.83615847309586,4.108146839635661,-0.0677054933342991,,
lodo_006,LAPATINIB,median,exactly_one_unseen,0.0022280216217041016,7246,5.83615847309586,4.108146839635661,-0.0677054933342991,,
lodo_006,LAPATINIB,ridge,all,0.13146209716796875,7246,400.2401571773977,387.54839253289583,-5020.559880528981,-0.010876637393710784,0.07464078474853716
lodo_006,LAPATINIB,ridge,central_abs_le_100,0.13146209716796875,7246,400.2401571773977,387.54839253289583,-5020.559880528981,-0.010876637393710784,0.07464078474853716
lodo_006,LAPATINIB,ridge,exactly_one_unseen,0.13146209716796875,7246,400.2401571773977,387.54839253289583,-5020.559880528981,-0.010876637393710784,0.07464078474853716
lodo_006,LAPATINIB,random_forest,all,0.4673159122467041,7246,61.89335289289565,55.03535284874081,-119.08405506531992,0.003844762813355033,0.1129419219721284
lodo_006,LAPATINIB,random_forest,central_abs_le_100,0.4673159122467041,7246,61.89335289289565,55.03535284874081,-119.08405506531992,0.003844762813355033,0.1129419219721284
lodo_006,LAPATINIB,random_forest,exactly_one_unseen,0.4673159122467041,7246,61.89335289289565,55.03535284874081,-119.08405506531992,0.003844762813355033,0.1129419219721284
lodo_006,LAPATINIB,extra_trees,all,0.35038304328918457,7246,58.22976189334799,46.43570383575176,-105.28876319635346,-0.0016080078518525397,0.10492607578810793
lodo_006,LAPATINIB,extra_trees,central_abs_le_100,0.35038304328918457,7246,58.22976189334799,46.43570383575176,-105.28876319635346,-0.0016080078518525397,0.10492607578810793
lodo_006,LAPATINIB,extra_trees,exactly_one_unseen,0.35038304328918457,7246,58.22976189334799,46.43570383575176,-105.28876319635346,-0.0016080078518525397,0.10492607578810793
lodo_006,LAPATINIB,xgboost,all,0.32295799255371094,7246,48.516419572924114,12.968106923136235,-72.78614338041999,-0.013499235425140168,-0.01988485388227583
lodo_006,LAPATINIB,xgboost,central_abs_le_100,0.32295799255371094,7246,48.516419572924114,12.968106923136235,-72.78614338041999,-0.013499235425140168,-0.01988485388227583
lodo_006,LAPATINIB,xgboost,exactly_one_unseen,0.32295799255371094,7246,48.516419572924114,12.968106923136235,-72.78614338041999,-0.013499235425140168,-0.01988485388227583
lodo_006,LAPATINIB,ridge_clip_train,all,0.15375018119812012,7246,5.4886258592328465,3.929904224603605,0.05566827553629883,0.35483601473520593,0.29683328094115774
lodo_006,LAPATINIB,ridge_clip_train,central_abs_le_100,0.15375018119812012,7246,5.4886258592328465,3.929904224603605,0.05566827553629883,0.35483601473520593,0.29683328094115774
lodo_006,LAPATINIB,ridge_clip_train,exactly_one_unseen,0.15375018119812012,7246,5.4886258592328465,3.929904224603605,0.05566827553629883,0.35483601473520593,0.29683328094115774
lodo_006,LAPATINIB,xgboost_clip_train,all,0.35782504081726074,7246,5.621746020848779,3.978181766814865,0.009305464823971876,0.2842337292082062,0.2094971582851503
lodo_006,LAPATINIB,xgboost_clip_train,central_abs_le_100,0.35782504081726074,7246,5.621746020848779,3.978181766814865,0.009305464823971876,0.2842337292082062,0.2094971582851503
lodo_006,LAPATINIB,xgboost_clip_train,exactly_one_unseen,0.35782504081726074,7246,5.621746020848779,3.978181766814865,0.009305464823971876,0.2842337292082062,0.2094971582851503
lodo_007,METHOTREXATE,mean,all,0.0003421306610107422,7118,72.2862142263657,71.91557056094905,-96.76507621228151,,
lodo_007,METHOTREXATE,mean,central_abs_le_100,0.0003421306610107422,7118,72.2862142263657,71.91557056094905,-96.76507621228151,,
lodo_007,METHOTREXATE,mean,exactly_one_unseen,0.0003421306610107422,7118,72.2862142263657,71.91557056094905,-96.76507621228151,,
lodo_007,METHOTREXATE,median,all,0.00304412841796875,7118,7.558342788634009,4.805321688364397,-0.06887261607106887,,
lodo_007,METHOTREXATE,median,central_abs_le_100,0.00304412841796875,7118,7.558342788634009,4.805321688364397,-0.06887261607106887,,
lodo_007,METHOTREXATE,median,exactly_one_unseen,0.00304412841796875,7118,7.558342788634009,4.805321688364397,-0.06887261607106887,,
lodo_007,METHOTREXATE,ridge,all,0.13344693183898926,7118,429.361953505919,394.2092103234221,-3448.21208192383,-0.0009601147295672623,0.010457886030247302
lodo_007,METHOTREXATE,ridge,central_abs_le_100,0.13344693183898926,7118,429.361953505919,394.2092103234221,-3448.21208192383,-0.0009601147295672623,0.010457886030247302
lodo_007,METHOTREXATE,ridge,exactly_one_unseen,0.13344693183898926,7118,429.361953505919,394.2092103234221,-3448.21208192383,-0.0009601147295672623,0.010457886030247302
lodo_007,METHOTREXATE,random_forest,all,0.47432923316955566,7118,70.66706497978419,58.17654106181029,-92.4344192258842,0.027502891748361,0.009940671286237946
lodo_007,METHOTREXATE,random_forest,central_abs_le_100,0.47432923316955566,7118,70.66706497978419,58.17654106181029,-92.4344192258842,0.027502891748361,0.009940671286237946
lodo_007,METHOTREXATE,random_forest,exactly_one_unseen,0.47432923316955566,7118,70.66706497978419,58.17654106181029,-92.4344192258842,0.027502891748361,0.009940671286237946
lodo_007,METHOTREXATE,extra_trees,all,0.33796095848083496,7118,65.72202105014,54.88148013783668,-79.81548852501243,0.03249111502212144,0.0804643772186057
lodo_007,METHOTREXATE,extra_trees,central_abs_le_100,0.33796095848083496,7118,65.72202105014,54.88148013783668,-79.81548852501243,0.03249111502212144,0.0804643772186057
lodo_007,METHOTREXATE,extra_trees,exactly_one_unseen,0.33796095848083496,7118,65.72202105014,54.88148013783668,-79.81548852501243,0.03249111502212144,0.0804643772186057
lodo_007,METHOTREXATE,xgboost,all,0.3133063316345215,7118,54.2208782729791,14.510694815634936,-54.00546979348882,0.014829888289301919,0.015556851234399701
lodo_007,METHOTREXATE,xgboost,central_abs_le_100,0.3133063316345215,7118,54.2208782729791,14.510694815634936,-54.00546979348882,0.014829888289301919,0.015556851234399701
lodo_007,METHOTREXATE,xgboost,exactly_one_unseen,0.3133063316345215,7118,54.2208782729791,14.510694815634936,-54.00546979348882,0.014829888289301919,0.015556851234399701
lodo_007,METHOTREXATE,ridge_clip_train,all,0.15277433395385742,7118,7.354499666298469,4.882471972747906,-0.011996586022495537,0.2589004740563374,0.18872646776946708
lodo_007,METHOTREXATE,ridge_clip_train,central_abs_le_100,0.15277433395385742,7118,7.354499666298469,4.882471972747906,-0.011996586022495537,0.2589004740563374,0.18872646776946708
lodo_007,METHOTREXATE,ridge_clip_train,exactly_one_unseen,0.15277433395385742,7118,7.354499666298469,4.882471972747906,-0.011996586022495537,0.2589004740563374,0.18872646776946708
lodo_007,METHOTREXATE,xgboost_clip_train,all,0.36670827865600586,7118,7.430610741559143,4.952130150328401,-0.03305109956659136,0.22598279601855792,0.11531365319443072
lodo_007,METHOTREXATE,xgboost_clip_train,central_abs_le_100,0.36670827865600586,7118,7.430610741559143,4.952130150328401,-0.03305109956659136,0.22598279601855792,0.11531365319443072
lodo_007,METHOTREXATE,xgboost_clip_train,exactly_one_unseen,0.36670827865600586,7118,7.430610741559143,4.952130150328401,-0.03305109956659136,0.22598279601855792,0.11531365319443072
lodo_008,5-FU,mean,all,0.000324249267578125,7107,74.678716727201,74.0807336977652,-61.693175589222236,,
lodo_008,5-FU,mean,central_abs_le_100,0.000324249267578125,7107,74.678716727201,74.0807336977652,-61.693175589222236,,
lodo_008,5-FU,mean,exactly_one_unseen,0.000324249267578125,7107,74.678716727201,74.0807336977652,-61.693175589222236,,
lodo_008,5-FU,median,all,0.0021638870239257812,7107,10.267480537101306,7.238524588433939,-0.18509823769004496,,
lodo_008,5-FU,median,central_abs_le_100,0.0021638870239257812,7107,10.267480537101306,7.238524588433939,-0.18509823769004496,,
lodo_008,5-FU,median,exactly_one_unseen,0.0021638870239257812,7107,10.267480537101306,7.238524588433939,-0.18509823769004496,,
lodo_008,5-FU,ridge,all,0.13081121444702148,7107,399.99081942019166,393.25211501966777,-1797.5670084703188,0.007369903993629938,0.12156965299252272
lodo_008,5-FU,ridge,central_abs_le_100,0.13081121444702148,7107,399.99081942019166,393.25211501966777,-1797.5670084703188,0.007369903993629938,0.12156965299252272
lodo_008,5-FU,ridge,exactly_one_unseen,0.13081121444702148,7107,399.99081942019166,393.25211501966777,-1797.5670084703188,0.007369903993629938,0.12156965299252272
lodo_008,5-FU,random_forest,all,0.4556879997253418,7107,60.40097320519057,56.93022095942546,-40.01233046697421,0.014635392331678944,0.005426096845202344
lodo_008,5-FU,random_forest,central_abs_le_100,0.4556879997253418,7107,60.40097320519057,56.93022095942546,-40.01233046697421,0.014635392331678944,0.005426096845202344
lodo_008,5-FU,random_forest,exactly_one_unseen,0.4556879997253418,7107,60.40097320519057,56.93022095942546,-40.01233046697421,0.014635392331678944,0.005426096845202344
lodo_008,5-FU,extra_trees,all,0.34845399856567383,7107,59.24964142124658,54.63781658978982,-38.46372066556171,0.02972400309994999,0.16332680045498937
lodo_008,5-FU,extra_trees,central_abs_le_100,0.34845399856567383,7107,59.24964142124658,54.63781658978982,-38.46372066556171,0.02972400309994999,0.16332680045498937
lodo_008,5-FU,extra_trees,exactly_one_unseen,0.34845399856567383,7107,59.24964142124658,54.63781658978982,-38.46372066556171,0.02972400309994999,0.16332680045498937
lodo_008,5-FU,xgboost,all,0.30901002883911133,7107,37.93544012941509,16.022632735020906,-15.177701953433061,0.005531381243593855,0.007060044224505082
lodo_008,5-FU,xgboost,central_abs_le_100,0.30901002883911133,7107,37.93544012941509,16.022632735020906,-15.177701953433061,0.005531381243593855,0.007060044224505082
lodo_008,5-FU,xgboost,exactly_one_unseen,0.30901002883911133,7107,37.93544012941509,16.022632735020906,-15.177701953433061,0.005531381243593855,0.007060044224505082
lodo_008,5-FU,ridge_clip_train,all,0.1526641845703125,7107,9.762145401226642,6.905222600213844,-0.07131483683469719,0.2855613177909814,0.28084765617586643
lodo_008,5-FU,ridge_clip_train,central_abs_le_100,0.1526641845703125,7107,9.762145401226642,6.905222600213844,-0.07131483683469719,0.2855613177909814,0.28084765617586643
lodo_008,5-FU,ridge_clip_train,exactly_one_unseen,0.1526641845703125,7107,9.762145401226642,6.905222600213844,-0.07131483683469719,0.2855613177909814,0.28084765617586643
lodo_008,5-FU,xgboost_clip_train,all,0.365523099899292,7107,10.04982651896748,7.228915375795867,-0.13538644680755807,0.21434537375110363,0.19843081785810818
lodo_008,5-FU,xgboost_clip_train,central_abs_le_100,0.365523099899292,7107,10.04982651896748,7.228915375795867,-0.13538644680755807,0.21434537375110363,0.19843081785810818
lodo_008,5-FU,xgboost_clip_train,exactly_one_unseen,0.365523099899292,7107,10.04982651896748,7.228915375795867,-0.13538644680755807,0.21434537375110363,0.19843081785810818
lodo_009,BORTEZOMIB,mean,all,0.0003638267517089844,7020,70.61853909843806,70.34660188419916,-128.494427345483,,
lodo_009,BORTEZOMIB,mean,central_abs_le_100,0.0003638267517089844,7020,70.61853909843806,70.34660188419916,-128.494427345483,,
lodo_009,BORTEZOMIB,mean,exactly_one_unseen,0.0003638267517089844,7020,70.61853909843806,70.34660188419916,-128.494427345483,,
lodo_009,BORTEZOMIB,median,all,0.0030689239501953125,7020,6.216931000992656,3.9400272958214626,-0.003611701253331878,,
lodo_009,BORTEZOMIB,median,central_abs_le_100,0.0030689239501953125,7020,6.216931000992656,3.9400272958214626,-0.003611701253331878,,
lodo_009,BORTEZOMIB,median,exactly_one_unseen,0.0030689239501953125,7020,6.216931000992656,3.9400272958214626,-0.003611701253331878,,
lodo_009,BORTEZOMIB,ridge,all,0.1304798126220703,7020,416.5455238935764,391.86126967141394,-4504.454057090332,-0.019104324518703416,0.041085179363755296
lodo_009,BORTEZOMIB,ridge,central_abs_le_100,0.1304798126220703,7020,416.5455238935764,391.86126967141394,-4504.454057090332,-0.019104324518703416,0.041085179363755296
lodo_009,BORTEZOMIB,ridge,exactly_one_unseen,0.1304798126220703,7020,416.5455238935764,391.86126967141394,-4504.454057090332,-0.019104324518703416,0.041085179363755296
lodo_009,BORTEZOMIB,random_forest,all,0.4642763137817383,7020,64.85115240203316,52.889605148027215,-108.20663296486424,0.008095044630844322,0.056876421389444
lodo_009,BORTEZOMIB,random_forest,central_abs_le_100,0.4642763137817383,7020,64.85115240203316,52.889605148027215,-108.20663296486424,0.008095044630844322,0.056876421389444
lodo_009,BORTEZOMIB,random_forest,exactly_one_unseen,0.4642763137817383,7020,64.85115240203316,52.889605148027215,-108.20663296486424,0.008095044630844322,0.056876421389444
lodo_009,BORTEZOMIB,extra_trees,all,0.3298180103302002,7020,64.57696001479175,53.422598083677336,-107.28512810136462,0.008756856411338552,0.1225220598285958
lodo_009,BORTEZOMIB,extra_trees,central_abs_le_100,0.3298180103302002,7020,64.57696001479175,53.422598083677336,-107.28512810136462,0.008756856411338552,0.1225220598285958
lodo_009,BORTEZOMIB,extra_trees,exactly_one_unseen,0.3298180103302002,7020,64.57696001479175,53.422598083677336,-107.28512810136462,0.008756856411338552,0.1225220598285958
lodo_009,BORTEZOMIB,xgboost,all,0.3436598777770996,7020,53.386178540686984,12.445233112848468,-73.00674283381643,0.008259423002960108,0.022142442201161412
lodo_009,BORTEZOMIB,xgboost,central_abs_le_100,0.3436598777770996,7020,53.386178540686984,12.445233112848468,-73.00674283381643,0.008259423002960108,0.022142442201161412
lodo_009,BORTEZOMIB,xgboost,exactly_one_unseen,0.3436598777770996,7020,53.386178540686984,12.445233112848468,-73.00674283381643,0.008259423002960108,0.022142442201161412
lodo_009,BORTEZOMIB,ridge_clip_train,all,0.1580061912536621,7020,6.510258157620121,4.285630616269727,-0.10055066943397217,0.17106018557495536,0.20496200644798507
lodo_009,BORTEZOMIB,ridge_clip_train,central_abs_le_100,0.1580061912536621,7020,6.510258157620121,4.285630616269727,-0.10055066943397217,0.17106018557495536,0.20496200644798507
lodo_009,BORTEZOMIB,ridge_clip_train,exactly_one_unseen,0.1580061912536621,7020,6.510258157620121,4.285630616269727,-0.10055066943397217,0.17106018557495536,0.20496200644798507
lodo_009,BORTEZOMIB,xgboost_clip_train,all,0.388613224029541,7020,6.661752720816779,4.324926761023353,-0.1523665340636342,0.07255396532969571,0.0966517562993347
lodo_009,BORTEZOMIB,xgboost_clip_train,central_abs_le_100,0.388613224029541,7020,6.661752720816779,4.324926761023353,-0.1523665340636342,0.07255396532969571,0.0966517562993347
lodo_009,BORTEZOMIB,xgboost_clip_train,exactly_one_unseen,0.388613224029541,7020,6.661752720816779,4.324926761023353,-0.1523665340636342,0.07255396532969571,0.0966517562993347
