drug,pair_cell_count
RUXOLITINIB,9660
TEMOZOLOMIDE,9253
SORAFENIB,7609
SUNITINIB,7555
ZOLINZA,7535
DASATINIB,7426
LAPATINIB,7246
METHOTREXATE,7118
5-FU,7107
BORTEZOMIB,7020
SN-38,6973
CARBOPLATIN,6953
MITOMYCINE,6866
CYCLOPHOSPHAMIDE,6735
PACLITAXEL,6455
GEFITINIB,6417
ALTRETAMINE,6304
CHLORAMBUCIL,6301
ALLOPURINOL,6230
MITOXANTRONE,6215
DOCETAXEL,6213
ANASTROZOLE,6212
HYDROXYUREA,6200
BUSULFAN,6173
IMATINIB,6170
THIOTEPA,6168
THALIDOMIDE,6164
CARMUSTINE,6163
LENALIDOMIDE,6144
MITOTANE,6144
MERCAPTOPURINE,6140
RALOXIFENE,6048
CRIZOTINIB,6046
NILOTINIB,6027
DACARBAZINE,6024
EXEMESTANE,6024
DEXRAZOXANE,6020
MELPHALAN HYDROCHLORIDE,6018
ADM HYDROCHLORIDE,6008
MEGESTROL ACETATE,6008
THIOGUANINE,6005
URACIL MUSTARD,6004
LOMUSTINE,5995
TENIPOSIDE,5993
NSC141540,5990
VANDETANIB,5986
PEMETREXED,5975
NSC-127716,5972
VISMODEGIB,5969
DAUNORUBICIN HYDROCHLORIDE,5967
AXITINIB,5960
PRALATREXATE,5958
ARSENIC TRIOXIDE,5949
ZOLEDRONIC ACID,5939
ABIRATERONE,5934
NSC733504,5932
NAVELBINE DITARTRATE (TN),5931
VINCRISTINE SULFATE,5930
FULVESTRANT,5929
ERLOTINIB HYDROCHLORIDE,5924
BLEOMYCIN,5917
QUINACRINE HYDROCHLORIDE,5917
IFOSFAMIDE,5916
ROMIDEPSIN,5915
IMIQUIMOD,5914
TOPOTECAN HYDROCHLORIDE,5911
TRETINOIN,5906
ANTIBIOTIC AY 22989,5905
CISPLATINO,5903
AMIFOSTINE,5900
CHEMBL277800,5900
CELECOXIB,5899
NSC 85998,5896
CHEMBL17639,5895
PAZOPANIB HYDROCHLORIDE,5890
LETROZOLE,5888
PIPOBROMAN,5888
METHOXSALEN,5887
CYTARABINE HYDROCHLORIDE,5882
ELOXATIN (TN) (SANOFI SYNTHELAB),5880
CO-V,5877
5-FLUORO-2\'-DEOXYURIDINE,5876
1-(5-DEOXYPENTOFURANOSYL)-5-FLUORO-4-{[(PENTYLOXY)CARBONYL]AMINO}PYRIMIDIN-2(1H)-ONE,5871
34793-34-5,5869
ACTINOMYCIN D,5868
GEMZAR (LILLY),5866
TAMOXIFEN CITRATE,5859
MECHLORETHAMINE HYDROCHLORIDE,5850
AZACYTIDINE,5847
AMINOLEVULINIC ACID HYDROCHLORIDE,5838
BENDAMUSTINE HYDROCHLORIDE,5831
VEMURAFENIB,5827
FLUDARABINE BASE,5823
VINBLASTINE SULFATE,5784
PLICAMYCIN,5769
PROCARBAZINE HYDROCHLORIDE,5717
CABAZITAXEL,5711
NSC256439,5667
IXABEPILONE,5585
EMCYT (PHARMACIA),5476
ANTIBIOTIC AD 32,5435
TRIETHYLENEMELAMINE,5177
PANOBINOSTAT,3920
MARIZOMIB,2477
MARIZOMIB / SALINOSPORAMIDE A,2443
PF-431396,1913
717906-29-1,1901
MK-2206,1726
BEZ-235,1652
AZD1775,1585
MK-4827,1546
ERLOTINIB,1516
PD325901,1510
DINACICLIB,1488
MK-5108,1454
ABT-888,1450
GELDANAMYCIN,1449
MK-8776,1447
MK-8669,1446
L778123,1445
MK-4541,1443
MRK-003,1443
DOXORUBICIN,1385
METFORMIN,1150
VINBLASTINE,1143
ETOPOSIDE,1007
GEMCITABINE,930
TOPOTECAN,891
DEXAMETHASONE,880
MEFLOQUINE,873
VINORELBINE,867
OXALIPLATIN,863
CHLOROQUINE,756
LUMEFANTRINE,746
(+)-JQ1,701
ARTEMETHER,687
ATOVAQUONE,580
MEBENDAZOLE,570
AZITHROMYCIN,551
ARTESUNATE,522
IBRUTINIB (PCI-32765),496
GENZ-669178,486
IVERMECTIN,483
ML238,483
HALOFANTRINE,479
IBRUTINIB,463
METHYLENE BLUE,461
EVEROLIMUS,457
PROGUANIL,450
DISULFIRAM,446
BARDOXOLONE METHYL,435
CARFILZOMIB,432
ARTENIMOL,419
DIHYDROERGOTAMINE,414
PYRONARIDINE,411
NITD609,405
TAMOXIFEN,403
NICLOSAMIDE,402
AURANOFIN,377
ORLISTAT,350
HALOFANTRINE HYDROCHLORIDE,347
RILUZOLE,335
CYTARABINE,333
PIPERAQUINE,333
IRINOTECAN,331
LAMOTRIGINE,331
A77 1726,327
CYCLOHEXIMIDE,327
NISOLDIPINE,325
TOPIRAMATE,325
ZONISAMIDE,325
NVP-AUY922,322
PRAZIQUANTEL,322
THAPSIGARGIN,316
ARIPIPRAZOLE,311
LEPTOMYCIN B,311
NVP-BGT226,306
NALTREXONE,299
BMS-754807,298
LEFLUNOMIDE,296
BTM-2C-DIMER ALLYL OXIME,295
APREPITANT,293
PAZOPANIB,293
ZILEUTON,293
ITRACONAZOLE,292
AZACITIDINE,291
EFAVIRENZ,291
MARAVIROC,291
PREDNISOLONE,291
EZETIMIBE,290
ARGATROBAN,289
BUMETANIDE,289
DIPYRIDAMOLE,289
EPINEPHRINE,289
FEBUXOSTAT,289
FELBAMATE,289
FLUMAZENIL,289
FLUTAMIDE,289
GANCICLOVIR,289
ISONIAZID,289
LANSOPRAZOLE,289
LUBIPROSTONE,289
MILRINONE,289
NATEGLINIDE,289
NITAZOXANIDE,289
PENTOSTATIN,289
PRIMIDONE,289
PROPYLTHIOURACIL,289
PYRAZINAMIDE,289
RALTEGRAVIR,289
RAMELTEON,289
RANOLAZINE,289
RIFABUTIN,289
ROSIGLITAZONE,289
SAXAGLIPTIN,289
THIABENDAZOLE,289
TOLVAPTAN,289
TRILOSTANE,289
ZAFIRLUKAST,289
ACARBOSE,288
ACITRETIN,288
CISATRACURIUM BESYLATE,288
CLOFARABINE,288
CLOFIBRATE,288
D-CYCLOSERINE,288
DUTASTERIDE,288
FOMEPIZOLE,288
GABAPENTIN,288
HYDROXYFLUTAMIDE,288
LACOSAMIDE,288
LEVETIRACETAM,288
LEVONORGESTREL,288
METHYLDOPA,288
MIGLITOL,288
MINOXIDIL,288
MYCOPHENOLIC ACID,288
NITISINONE,288
OLMESARTAN,288
PROBUCOL,288
RIBAVIRIN,288
SITAGLIPTIN,288
TETRABENAZINE,288
TRANEXAMIC ACID,288
TRIOXSALEN,288
VECURONIUM BROMIDE,288
DICHLORPHENAMIDE,287
ENDOXIFEN,287
STANOZOLOL,287
TRANYLCYPROMINE,287
AMILORIDE,286
ENOXACIN,286
ETOMIDATE,286
HYDRALAZINE,286
HYDROXYCHLOROQUINE,286
MAPROTILINE,286
METRONIDAZOLE,286
SULBACTAM,286
SULFAMETER,286
TRIMETHOPRIM,286
ZALCITABINE,286
AMOXAPINE,285
AMPRENAVIR,285
ASENAPINE,285
CARISOPRODOL,285
CLOPIDOGREL,285
ETHINYL ESTRADIOL,285
FLUVOXAMINE,285
LEVAMISOLE,285
PENTAMIDINE,285
PRAMIPEXOLE,285
QUININE,285
RISPERIDONE,285
TACROLIMUS,285
VARENICLINE,285
ALISKIREN,284
AMANTADINE,284
CINACALCET,284
CITALOPRAM,284
DOPAMINE,284
DRONEDARONE,284
EFLORNITHINE,284
ELTROMBOPAG,284
ISOPROTERENOL,284
LOPERAMIDE,284
MEMANTINE,284
OSELTAMIVIR,284
PROCARBAZINE,284
SILDENAFIL,284
SUMATRIPTAN,284
TACRINE,284
TERAZOSIN,284
TESTOSTERONE,284
TETRACYCLINE,284
THEOPHYLLINE,284
TRAZODONE,284
TRIFLUOPERAZINE,284
ALBENDAZOLE,283
CHLORZOXAZONE,283
CLOFIBRIC ACID,283
DEXMEDETOMIDINE,283
ENTACAPONE,283
LITHIUM CITRATE,283
MESALAZINE,283
METHYCLOTHIAZIDE,283
NIZATIDINE,283
OLMESARTAN MEDOXOMIL,283
PROBENECID,283
PYRIDOSTIGMINE BROMIDE,283
SPIRONOLACTONE,283
TINIDAZOLE,283
TRIAMTERENE,283
(+\\/-)-SULFINPYRAZONE,282
3-AMINO-2-OXAZOLIDINONE,282
4-AMINOSALICYLIC ACID,282
6-HYDROXYBUSPIRONE,282
ABACAVIR,282
ACETAZOLAMIDE,282
ACETOHEXAMIDE,282
ACETOHYDROXAMIC ACID,282
AMODIAQUINE,282
ARMODAFINIL,282
ATENOLOL,282
AZATADINE,282
BACLOFEN,282
BOSENTAN,282
BRETYLIUM TOSYLATE,282
BUSPIRONE,282
CANRENONE,282
CARBACHOL,282
CARGLUMIC ACID,282
CEFMENOXIME,282
CERIVASTATIN,282
CEVIMELINE,282
CHLORPHENESIN,282
CILASTATIN,282
CISAPRIDE,282
CYCLOGUANIL,282
DANTROLENE,282
DESOXYCORTICOSTERONE PIVALATE,282
DEXCHLORPHENIRAMINE,282
DIAZOXIDE,282
DIETHYLCARBAMAZINE,282
DIGITOXIN,282
DIHYDROARTEMISININ,282
DIPHENIDOL,282
DOXAPRAM,282
ENALAPRILAT,282
EPTIFIBATIDE,282
ETHAMBUTOL,282
EZETIMIBE GLUCURONIDE,282
FOSFOMYCIN,282
FURAZOLIDONE,282
GALANTAMINE,282
GUANADREL,282
HYDROXYMETRONIDAZOLE,282
IBUTILIDE,282
ILOPROST,282
IMIPRAMINE,282
ISOSORBIDE DINITRATE,282
MEBUTAMATE,282
MECAMYLAMINE,282
MECLOFENAMIC ACID,282
MEPHENYTOIN,282
METAXALONE,282
METHYLERGONOVINE,282
METYROSINE,282
MIGLUSTAT,282
MINOXIDIL SULFATE,282
NORCISAPRIDE,282
NOVOBIOCIN,282
OSELTAMIVIR ACID,282
OXYPHENBUTAZONE,282
OXYPHENONIUM BROMIDE,282
PARGYLINE,282
PAROMOMYCIN,282
PHENPROCOUMON,282
PHENSUXIMIDE,282
PINACIDIL,282
PIPERAZINE HEXAHYDRATE,282
PYRAZINOIC ACID,282
RIBAVIRIN 5\'-TRIPHOSPHATE,282
RUFINAMIDE,282
SERTRALINE,282
SODIUM DIETHYLDITHIOCARBAMATE TRIHYDRATE,282
SUCCINYLCHOLINE CHLORIDE,282
TIAGABINE,282
TIZOXANIDE,282
TOLAZOLINE,282
TRIFLUPROMAZINE,282
TRIHEXYPHENIDYL,282
TRIMETHOBENZAMIDE,282
ULIPRISTAL ACETATE,282
ZALEPLON,282
ACAMPROSATE,281
DIDEOXYCYTIDINE 5\'-TRIPHOSPHATE,281
FENOPROFEN,281
FOSCARNET,281
GUANFACINE,281
LIOTHYRONINE,281
NABILONE,281
NITROSOGLUTATHIONE,281
PALONOSETRON,281
PAMIDRONIC ACID,281
PENTOLINIUM TARTRATE,281
PYRVINIUM CHLORIDE DIHYDRATE,281
TESTOLACTONE,281
VALPROIC ACID,281
DEXTROMETHORPHAN,280
CARFILZOMIB (PR-171),269
SULFADOXINE,261
ALVESPIMYCIN HYDROCHLORIDE,259
ARTEROLANE,258
CLINDAMYCIN,256
DECOQUINATE,255
FEBRIFUGINE,255
GRAMICIDIN,255
GSK-2126458,255
TRAMETINIB,253
JQ1,241
BAFILOMYCIN A1,233
KN-62,233
3-METHYLADENINE,227
AK-77283,227
CUDC-907,227
ABT-263 (NAVITOCLAX),220
RESERPINE,216
SEPANTRONIUM BROMIDE,211
TRAMETINIB (GSK1120212),211
DAPORINAD,208
INK-128,206
BIX-01294,205
DINACICLIB (SCH727965),205
AMODIAQUIN DIHYDROCHLORIDE DIHYDRATE,202
NAVITOCLAX (ABT-263),200
OSI-027,192
PROSCILLARIDIN,189
PALBOCICLIB,186
GSK-J4,180
VORINOSTAT (SAHA),180
FLAVOPIRIDOL,176
MIDOSTAURIN,175
DOXYCYCLINE,174
NANCHANGMYCIN,174
PIK-93,172
QUINIDINE,172
WAY-600,172
BERBERINE,171
EMETINE,171
TORIN-1,171
RIFAMPICIN,170
GSK-615,169
METHYLROSANILINE CHLORIDE,169
MONENSIN SODIUM SALT,169
PD-173955,169
QUISINOSTAT,169
TRICHOSTATIN A,169
ZSTK-474,169
BUPARLISIB,167
TAFENOQUINE,165
ZINC34894448,165
MITOMYCIN C,162
SEPANTRONIUM,157
VERAPAMIL,154
T3.5,153
BKM-120,152
JTC-801,147
AK170455,145
AVN-944,145
MICONAZOLE,144
NINTEDANIB,144
PELITINIB,142
CABOZANTINIB,141
PYRIMETHAMINE,140
BGT-226 FREE BASE,139
658084-64-1,137
CAMPTOTHECIN,137
PF-04691502,137
BMS-3,136
DIPHENHYDRAMINE HYDROCHLORIDE,136
EPOTHILONE B,136
LOPINAVIR,136
PICROPODOPHYLLIN,136
YK-4-279,136
ZM-447439,136
200484-11-3,135
CLOBETASONE BUTYRATE,135
COMBRETASTATIN A-4,134
LUMINESPIB,134
DEXCHLORPHENIRAMINE HYDROCHLORIDE,132
DOXEPIN,132
ETONOGESTREL,132
FOSMIDOMYCIN,132
GENZ-668764,132
MK-4815,132
SARPOGRELATE,132
SB228357,132
THIOLACTOMYCIN,132
THIOPROPERAZINE DIMETHANESULFONATE,132
CHEMBL129857,130
CANTHARIDIN,127
CUDC-101,126
DORSOMORPHIN,124
NCGC00095145-01,124
SPC-839,123
THZ1,123
GMX-1778,122
CHLOROXINE,121
CYTISINE,121
RALOXIFENE HYDROCHLORIDE,120
SCHEMBL2929203,119
MANIDIPINE,118
MK-1775,118
PAEONOL,118
ROTENONE,118
GANETESPIB,115
AZD-8055,114
PROCHLORPERAZINE,114
GANETESPIB (STA-9090),112
NSC707389,112
CPG-52364,111
CHEMBL3348931,109
CHEMBL3348822,108
NICARDIPINE,108
OMBRABULIN,108
PF-04929113 (SNX-5422),107
NCGC00018159-01,106
PROPAFENONE HYDROCHLORIDE,106
SNX-5422,106
WITHAFERIN A,106
VINPOCETINE,105
CRENOLANIB (CP-868596),104
PAC-1,104
ZINC17545571,104
CALHEX-231,103
CYANEIN,103
DRONEDARONE HYDROCHLORIDE,103
IMD 0354,101
BIIB021,100
CINACALCET HYDROCHLORIDE,100
CRENOLANIB,100
IMD-0354,100
PLINABULIN,99
GDC-0980,98
SALINOMYCIN,98
CHEMBL2140543,96
ISODONOL,96
ORIDONIN,96
VINCRISTINE,96
ROMIDEPSINFK-228,95
CNF-2024,92
117048-62-1,91
NCGC00095055-03,91
10356-76-0,90
2-METHOXYESTRADIOL,90
AT7519,89
ISPINESIB (SB-715992),87
MITHRAMYCIN,86
PONATINIB (AP24534),83
DANUSERTIB (PHA-739358),82
SCHEMBL82368,82
TIC-10,80
CICLOPIROX,79
ISPINESIB,79
KX2-391,79
MLN2238,78
VERTEPORFIN,78
451492-95-8,77
AT-7519,77
IXAZOMIB,77
PONATINIB,77
AV-412,76
DANUSERTIB,76
GSK2126458 (GSK458),76
1088965-37-0,75
CHEMBL3348887,75
ENTINOSTAT (MS-275),75
MIFEPRISTONE,75
NCGC00164600-03,75
NIRAPARIB,75
TIVANTINIB,75
VISUDYNE,75
ECHINOMYCIN,74
ENGLERIN A,74
EPOTHILONE A,74
GSK-923295,74
KX-01,74
LY-2874455,74
NSC-319726,74
NSC-48006,74
OSI-906 (LINSITINIB),74
71555-25-4,73
CHEMBL3349010,73
CHEMBL3923667,73
CLADRIBINE,73
ENTINOSTAT,73
LINSITINIB,73
NCGC00163548-02,73
NCGC00181306-03,73
AC1L2QK3,72
ASR-ISOBUDIMER-SO2PH-4-CH2OC(O)NME2,72
CHEMBL3348991,72
GSK461364,72
LENVATINIB (E7080),72
LESTAURTINIB,72
SCHEMBL224883,72
GSK-461364A,71
LENVATINIB,71
ORG 25935,71
SCH-900435,71
CHEMBL3348985,70
PROCHLORPERAZINE DIMALEATE,70
CHEMBL3188944,69
EEYARESTATIN I,69
HMSL10088,69
NCGC00263265-01,69
OLIGOMYCIN A,69
SCH 900776,69
ZALTOPROFEN,69
ELESCLOMOL (STA-4783),68
"2-METHOXY-3,17BETA-DIHYDROXYESTRA-1,3,5(10)-TRIENE",67
891494-64-7,67
EFLORNITHINE HYDROCHLORIDE,67
SCHEMBL8233739,67
A-485,66
ABEMACICLIB,66
BAY-876,66
FCCP,66
PD-0325901,66
TORIN-2,66
ADERBASIB,65
AT-IAP,65
GLPG0187,65
IBIGLUSTAT,65
LAROTRECTINIB,65
NUTLIN-3,65
SNS-032 (BMS-387032),65
ALISERTIB (MLN8237),64
RAF265 (CHIR-265),64
9-CIS-RETINOIC ACID,63
ALISERTIB,63
BIRINAPANT,63
CHEMBL2144205,63
CHIR-265,63
SNS-032,63
FOSTAMATINIB (R788),62
SR-3306,62
FINGOLIMOD HYDROCHLORIDE,61
FOSTAMATINIB,61
NUTLIN-3B,61
PARTHENOLIDE,61
PRAZOSIN,60
TAK-733,60
(-)-ETHYL APOVINCAMINATE,59
CHEMBL3322515,59
FINGOLIMOD,59
NCGC00017254-02,59
NCGC00346475-01,59
PRAZOSIN HYDROCHLORIDE,59
TOCRIS-1479,59
CICLOPIROX ETHANOLAMINE,58
FENRETINIDE,58
FLAVOPIRIDOL HCL,58
ZALDARIDE MALEATE,58
CP-466722,57
2-FLUORO ARA-A,54
2-FLUOROADENOSINE,51
AEE788 (NVP-AEE788),51
BENZAMIL,51
COBIMETINIB,51
CYTIDINE,51
NIGULDIPINE,50
VALPROIC ACID SODIUM SALT,50
VALPROIC ACID SODIUM SALT (SODIUM VALPROATE),50
AEE-788,49
AMIODARONE HYDROCHLORIDE,49
BEPRIDIL,49
DOFETILIDE,49
NAFTOPIDIL,49
NPS-2143,49
SELUMETINIB (AZD6244),49
SOTALOL,49
AC-265347,48
AFATINIB,48
BENAZEPRIL,48
CALINDOL,48
LINOPIRDINE,48
NIFEKALANT,48
PERHEXILINE,48
SELUMETINIB,48
TERIFLUNOMIDE,48
TRIPTOLIDE,48
AZD8330,47
CALMIDAZOLIUM CHLORIDE,47
GNE-618,47
HDACI-02,47
LY2157299,47
NOSCAPINE,47
TIC10,47
TRIPTOLIDE (PG490),47
AZD-8330,46
AZELNIDIPINE,46
BETA-NARCOTINE,46
CARVEDILOL,46
CITARINOSTAT,46
FASUDIL HYDROCHLORIDE,46
ISRADIPINE,46
MILCICLIB,46
NPS-R568,46
OXCARBAZEPINE,46
UNC-1215,46
TRIFLUOPERAZINE HYDROCHLORIDE,46
BLEOMYCIN SULFATE,45
BREFELDIN A,45
COBIMETINIB (R-ENANTIOMER),45
EED-226,45
EPZ-005687,45
LIDOFLAZINE,45
LOMERIZINE DIHYDROCHLORIDE,45
MANOALIDE,45
MILCICLIB (PHA-848125),45
MONATEPIL,45
ORY-1001,45
AG-881,44
AZD-3965,44
AZD3965,44
ELACRIDAR,44
EPZ-015666,44
EPZ005687,44
FLECAINIDE ACETATE,44
GALUNISERTIB,44
GSK-2256098,44
IRINOTECAN HYDROCHLORIDE,44
OLAPARIB,44
OSTOL,44
RIBOCICLIB,44
RIBOCICLIB (LEE011),44
TIC10 ISOMER,44
UNC1215,44
TETRAHYDROBERBERINE,44
803712-67-6,43
AFATINIB (BIBW2992),43
ALFACALCIDOL,43
APILIMOD,43
CHEMBL3781751,43
CHLORO-IB-MECA,43
EED226,43
LACIDIPINE,43
NCGC00510249-02,43
OTILONIUM BROMIDE,43
COMBRETASTATIN A4,42
EPZ015666,42
FENDILINE,42
FLUNARIZINE HYDROCHLORIDE,42
FLUSPIRILENE,42
GSK2256098,42
INK 128 (MLN0128),42
MORACIZINE,42
VORASIDENIB,42
CHEMBL574181,41
TARIQUIDAR,41
ARN-509,39
DILTIAZEM,39
DISOPYRAMIDE,39
GDC-0941,39
NCGC00346501-01,39
APALUTAMIDE,38
NCGC00162423-03,38
OBATOCLAX,38
PAC 1,37
BELINOSTAT,36
PP121,36
315703-52-7,35
BGJ398 (NVP-BGJ398),35
JK-184,35
PICTILISIB,35
PODOFILOX,35
PODOPHYLLOTOXIN,35
PP-121,35
866323-14-0,34
INFIGRATINIB,34
CHEMBL2140972,33
LDK378,33
942183-80-4,32
CERITINIB,32
SCH-772984,32
TOREMIFENE CITRATE,32
COLCHICINE,30
PF-3758309,30
SERTRALINE HYDROCHLORIDE,30
MYCOPHENOLATE MOFETIL,29
PRIMAQUINE DIPHOSPHATE,28
CLOMIFENE CITRATE,27
SUNITINIB MALATE,27
OMACETAXINE MEPESUCCINATE,26
FAVIPIRAVIR,25
3-DEAZANEPLANOCIN A,24
DOXORUBICIN HYDROCHLORIDE,24
SMDC914896,24
CYCLOSPORIN A,23
MLN9708,22
PIPERACETAZINE,22
S63845,21
HYDROCORTISONE,20
TELMISARTAN,20
ABT-199 (GDC-0199),19
J113397,19
TROGLITAZONE,19
TRICIRIBINE,19
ACALABRUTINIB,18
CHIDAMIDE,18
CYPRODIME,18
LLL-12,18
NOR-BINALTORPHIMINE,18
VENETOCLAX (ABT-199),18
SMDC-530602,18
SMDC873969,18
SB612111,17
BAZEDOXIFENE,16
KN-93,16
MOMETASONE FUROATE,16
NALTRINDOLE HYDROCHLORIDE,16
BETAMETHASONE,15
BUPRENORPHINE HYDROCHLORIDE,15
CORTIVAZOL,15
DEACETYL CORTIVAZOL,15
FLOXURIDINE,15
GSK-3787,15
GW-0742,15
GW-501516,15
KU-0060648,15
METHYLPREDNISOLONE,15
MK-0752,15
MK-767,15
MOCETINOSTAT (MGCD0103),15
PHA-793887,15
PIOGLITAZONE HYDROCHLORIDE,15
PREDNISONE,15
TPCK,15
SID-7969543,15
RO495,14
TIPIFARNIB,14
GSK690693,13
MC1568,13
TOFACITINIB,13
AZD7762,12
GSK-690693,12
HDACI-01,12
IDELALISIB,12
PI-103,12
RUCAPARIB,12
RU360,12
A-674563,11
A-769662,11
AG-14361,11
AMG-900,11
ANDARINE,11
AR-42,11
BICALUTAMIDE,11
BMS-777607,11
BMS-794833,11
BX-795,11
CANERTINIB (CI-1033),11
DOVITINIB,11
DOXERCALCIFEROL,11
GDC-0068,11
ICG-001,11
JNJ-38877605,11
JNJ-7706621,11
KU-0063794,11
KU-60019,11
LICOFELONE,11
LONIDAMINE,11
NECROSTATIN-1,11
OMEPRAZOLE,11
OSI-930,11
PF-04217903,11
PF-3845,11
PF-4708671,11
PF-573228,11
PH-797804,11
PLX-4720,11
QUERCETIN,11
SARACATINIB,11
SELICICLIB,11
SGX-523,11
SIMVASTATIN,11
SULFASALAZINE,11
TELATINIB,11
TW-37,11
VX-702,11
VX-745,11
WYE-354,11
YO-01027,11
ABT-702,10
AC-261066,10
ACADESINE,10
AG-041R,10
ALACEPRIL,10
AMG-47A,10
AMG-51,10
AMG-TIE2-1,10
ANAGRELIDE,10
AR-C155858,10
AZ 3146,10
AZ-23,10
BAY-41-8543,10
BD-1047,10
BENDAMUSTINE,10
BI-78D3,10
BMS-5,10
BMS-509744,10
CAROVERINE,10
CPEPCK INHIBITOR,10
DASA-58,10
DEGUELIN,10
DYDROGESTERONE,10
EBPC,10
ENZASTAURIN,10
EZATIOSTAT,10
FENOBAM,10
IC-87114,10
IPATASERTIB,10
IRAK-1-4 INHIBITOR I,10
ITX3,10
IVACHTIN,10
LIRIMILAST,10
MECLINERTANT,10
MENADIONE,10
MK-0354,10
ML324,10
MOTESANIB,10
NCGC00090797-11,10
NVP-BSK805,10
OSANETANT,10
PB-28,10
PERIFOSINE,10
PF-05212384,10
PHA-408,10
PHA-690509,10
PIK-90,10
PRAVADOLINE,10
PS-1145,10
PURVALANOL B,10
REFAMETINIB,10
SILDENAFIL CITRATE,10
SIROLIMUS,10
SANT-2,10
SD-208,10
SM-164,10
SNS-314,10
TALMAPIMOD,10
VELIFLAPON,10
VOLASERTIB (BI 6727),10
WAY-204688,10
XMD8-92,10
Y-27632,10
TOZASERTIB,10
AMINOGLUTETHIMIDE,9
ARTEMISININ,9
AZ-3146,9
AZD1480,9
CHOLIC ACID,9
CIPROFLOXACIN,9
CURCUMIN,9
FORMESTANE,9
OLPRINONE,9
PPADS,9
TRO 19622,9
VOLASERTIB,9
CLOMIPHENE CITRATE,8
COPANLISIB,8
CP-724714,8
DACOMITINIB,8
DALCETRAPIB,8
DAPAGLIFLOZIN,8
DEFACTINIB,8
GIVINOSTAT HYDROCHLORIDE,8
HYDROXYCHLOROQUINE SULFATE,8
IXAZOMIB CITRATE,8
MPEP,8
RALTITREXED,8
SOTRASTAURIN,8
TORIN 2,8
(-)-BLEBBISTATIN,7
5-AZACITIDINE,7
853910-02-8,7
912545-86-9,7
A-803467,7
ABT-737,7
ACIPIMOX,7
ADAPALENE,7
ADEFOVIR DIPIVOXIL,7
ADX-47273,7
AG-1024,7
AGI-5198,7
AGOMELATINE,7
ALBENDAZOLE OXIDE,7
ALECTINIB (CH5424802),7
ALOE-EMODIN,7
AMBRISENTAN,7
AMG-458,7
AMISULPRIDE,7
AMONAFIDE,7
AMUVATINIB (MP-470),7
ANIRACETAM,7
APATINIB,7
APIGENIN,7
APIXABAN,7
APRATASTAT,7
AS-604850,7
ASPARTAME,7
ASPIRIN,7
AST-1306,7
AURORA A INHIBITOR I,7
AVASIMIBE,7
AVOBENZONE,7
AZ 628,7
AZATHIOPRINE,7
AZD-7762,7
AZD6482,7
BAICALEIN,7
BALOFLOXACIN,7
BARASERTIB,7
BETA-LAPACHONE,7
BEXAROTENE,7
BI 2536,7
BI-D1870,7
BIBR-1532,7
BINDARIT,7
BIOCHANIN A,7
BIRB 796 (DORAMAPIMOD),7
BMS-265246,7
BOSUTINIB (SKI-606),7
BRIVANIB (BMS-540215),7
BTM-2C-DIMER KETONE,7
BUFEXAMAC,7
BX-912,7
CARMOFUR,7
CEDIRANIB (AZD2171),7
CEP-33779,7
CHELERYTHRINE CHLORIDE,7
CHEMBL2136663,7
CHIR-124,7
CHLORMEZANONE,7
CHLOROTHIAZIDE,7
CILOMILAST,7
CILOSTAZOL,7
CIPROFIBRATE,7
CISPLATIN,7
CITCO,7
CLINOFIBRATE,7
CLOBETASOL PROPIONATE,7
CLORSULON,7
CLOTRIMAZOLE,7
CLOZAPINE,7
COSTUNOLIDE,7
CP-673451,7
CP-91149,7
CPI-613,7
CRYPTOTANSHINONE,7
CX-4945 (SILMITASERTIB),7
CYC116,7
CYCLOPAMINE,7
CYT387,7
DAIDZEIN,7
DCC-2036 (REBASTINIB),7
DECITABINE,7
DEFERASIROX,7
DESONIDE,7
DICLAZURIL,7
DOMPERIDONE,7
DROXINOSTAT,7
DYPHYLLINE,7
EDARAVONE,7
ELIPRODIL,7
ELVITEGRAVIR,7
EMBELIN,7
EMODIN,7
ENZALUTAMIDE (MDV3100),7
ERDOSTEINE,7
ERISMODEGIB,7
ETHIONAMIDE,7
EX 527 (SELISISTAT),7
FAMCICLOVIR,7
FENBENDAZOLE,7
FENOFIBRATE,7
FISETIN,7
FLUBENDAZOLE,7
FLUCONAZOLE,7
FLUCYTOSINE,7
FLUOCINOLONE ACETONIDE,7
FLURBIPROFEN,7
FLUTICASONE PROPIONATE,7
FLUVASTATIN,7
FORETINIB (GSK1363089),7
GATIFLOXACIN,7
GDC-0879,7
GEMFIBROZIL,7
GENISTEIN,7
GIMERACIL,7
GINKGOLIDE B,7
GLICLAZIDE,7
GLIMEPIRIDE,7
GLIPIZIDE,7
GLYCYRRHIZIC ACID,7
GNF-2,7
GOSSYPOL,7
GSK1904529A,7
GSK3787,7
GW0742,7
GW9508,7
GYKI-53655,7
HEMATOXYLIN,7
HESPERADIN,7
HEXESTROL,7
HYDROCHLOROTHIAZIDE,7
IBUTILIDE FUMARATE,7
ID-8,7
IDEBENONE,7
IKK-16 (IKK INHIBITOR VII),7
INDAPAMIDE,7
INDIRUBIN,7
INDOMETHACIN,7
INIPARIB (BSI-201),7
INO-1001,7
IOX2,7
IPA-3,7
ISTRADEFYLLINE,7
IVABRADINE HCL,7
IVACAFTOR (VX-770),7
JNJ-26854165 (SERDEMETAN),7
JZL184,7
KAEMPFEROL,7
KETOCONAZOLE,7
KETOPROFEN,7
KETOROLAC,7
KINETIN,7
KW-2478,7
L-THYROXINE,7
LAQUINIMOD,7
LEVOFLOXACIN,7
LEVOSIMENDAN,7
LGK-974,7
LINAGLIPTIN,7
LINEZOLID,7
LINIFANIB (ABT-869),7
LOMIBUVIR,7
LONAFARNIB,7
LORNOXICAM,7
LOTEPREDNOL ETABONATE,7
LOVASTATIN,7
LY2109761,7
MACITENTAN,7
MALOTILATE,7
MASITINIB (AB1010),7
MECARBINATE,7
MEGLUMINE,7
MELATONIN,7
MELOXICAM,7
MEPREDNISONE,7
MESNA,7
METOLAZONE,7
MG-132,7
MGCD-265,7
MIRTAZAPINE,7
MK-2461,7
MK-8245,7
MONOBENZONE,7
MORIN HYDRATE,7
MYRICETIN,7
NARINGENIN,7
NCGC00021305-08,7
NEFIRACETAM,7
NELARABINE,7
NICORANDIL,7
NIMESULIDE,7
NOCODAZOLE,7
NOVOBIOCIN SODIUM,7
NSC 23766,7
NU7441 (KU-57788),7
NVP-231,7
NVP-AEW541,7
NVP-BHG712,7
OXFENDAZOLE,7
OXIBENDAZOLE,7
OXYMATRINE,7
PA-824,7
PALOMID 529 (P529),7
PCI-34051,7
PD173074,7
PF-477736,7
PF-5274857,7
PHA-665752,7
PHA-680632,7
PHLORETIN,7
PHT-427,7
PIK-293,7
PIK-294,7
PIMOBENDAN,7
PIRARUBICIN,7
PIROXICAM,7
PMSF,7
PNU-120596,7
POMALIDOMIDE,7
PRASUGREL,7
PROGESTERONE,7
PRUCALOPRIDE,7
PURMORPHAMINE,7
QUIZARTINIB (AC220),7
R406 (FREE BASE),7
RACECADOTRIL,7
RASAGILINE MESYLATE,7
REBAMIPIDE,7
REGORAFENIB (BAY 73-4506),7
REPAGLINIDE,7
REPSOX,7
RG108,7
RIMANTADINE,7
RIMONABANT,7
ROFECOXIB,7
ROFLUMILAST,7
ROLIPRAM,7
ROLOFYLLINE,7
RUBOXISTAURIN MESYLATE,7
SARACATINIB (AZD0530),7
SB203580,7
SB431542,7
SB525334,7
SECNIDAZOLE,7
SGI-1776 FREE BASE,7
SINOMENINE,7
SMI-4A,7
SODIUM DANSHENSU,7
SOPHOCARPINE,7
SPARFLOXACIN,7
STF-62247,7
SULFAMETHIZOLE,7
SULFAMETHOXAZOLE,7
SULFANILAMIDE,7
SYNEPHRINE,7
TADALAFIL,7
TAE684 (NVP-TAE684),7
TAK-285,7
TAK-715,7
TAK-875,7
TAK-901,7
TAME,7
TAMIBAROTENE,7
TANDUTINIB (MLN518),7
TANSHINONE IIA,7
TAZAROTENE,7
TELBIVUDINE,7
STF-083010,7
TG101348 (SAR302503),7
TIVOZANIB (AV-951),7
TORIN 1,7
TOSEDOSTAT (CHR2797),7
VX-680,7
WNT-C59 (C59),7
WZ4002,7
XAV-939,7
XL335,7
ZIBOTENTAN (ZD4054),7
SURAMIN,7
TEMPOL,7
TENOXICAM,7
TGX-221,7
THEOBROMINE,7
THIAZOVIVIN,7
TIGECYCLINE,7
TIOCONAZOLE,7
TIOPRONIN,7
TIOXOLONE,7
TOLCAPONE,7
TOLNAFTATE,7
TORCETRAPIB,7
TPCA-1,7
TRIAMCINOLONE ACETONIDE,7
TRICHLORMETHIAZIDE,7
TRIMETREXATE,7
VE-821,7
VIDARABINE,7
VORICONAZOLE,7
SALIRASIB,7
SEOCALCITOL,7
SJ-172550,7
SSR-504734,7
VATALANIB,7
VORAPAXAR,7
SAG,7
(-)-GOSSYPOL,6
(-)-INDOLACTAM V,6
10-HYDROXYCAMPTOTHECIN,6
10058-F4,6
10074-G5,6
1062368-24-4,6
1080622-86-1,6
1202884-94-3,6
1221186-53-3,6
1265789-88-5,6
153559-76-3,6
2-IMINOBIOTIN,6
2-METHOXYESTRADIOL (2-MEOE2),6
20-HYDROXYECDYSONE,6
215303-72-3,6
252003-65-9,6
301836-43-1,6
317318-70-0,6
35922-06-6,6
"4-[4-(4-METHOXYPHENYL)-5-METHYL-1H-PYRAZOL-3-YL]BENZENE-1,3-DIOL",6
502137-98-6,6
6-MERCAPTOPURINE,6
626222-24-0,6
868224-64-0,6
909910-43-6,6
925434-55-5,6
944328-88-5,6
952021-60-2,6
A-443654,6
A-770041,6
A-83-01,6
AC-SAH-P53-8,6
AC1NPCOI,6
AC1O7H3F,6
ACC1 BMS,6
ACETAMINOPHEN,6
ACETYLCYSTEINE,6
ACITAZANOLAST,6
ADENOSINE,6
AGI-6780,6
AHPN,6
AIM-100,6
AK-7,6
AKT INHIBITOR VIII,6
ALISKIREN HEMIFUMARATE,6
ALMOTRIPTAN,6
ALPROSTADIL,6
AMASTATIN,6
AMG-1,6
AMG-208,6
AMG-25,6
AMINOPTERIN,6
AMLEXANOX,6
AMOXICILLIN SODIUM,6
AMPHOTERICIN B,6
AMUVATINIB,6
ANDROGRAPHOLIDE,6
ANTIMYCIN A,6
APR-246,6
AR-00341677,6
ARBIDOL,6
AS-252424,6
AS-605240,6
ASIATIC ACID,6
AST-487,6
ASTRAGALOSIDE A,6
AT-406,6
ATORVASTATIN CALCIUM,6
ATROPINE,6
AZ-628,6
AZD-1480,6
AZD-26,6
AZD-6482,6
AZD-7545,6
AZD7545,6
BAG-956,6
BANOXANTRONE,6
BARICITINIB,6
BAY-60-7550,6
BAYER-18,6
BDBM30026,6
BESTATIN,6
BETAMETHASONE DIPROPIONATE,6
BETAMETHASONE VALERATE,6
BETAXOLOL,6
BETHANECHOL CHLORIDE,6
BETULINIC ACID,6
BI-2536,6
BIPERIDEN,6
BML-277,6
BMS-345541,6
BMS-536924,6
BMS-911543,6
BOSUTINIB,6
BP-1-102,6
BRIVANIB,6
BS-181,6
BUTOCONAZOLE NITRATE,6
C-FMS INHIBITOR,6
CALCITRIOL,6
CAMOSTAT,6
CANAGLIFLOZIN,6
CANERTINIB,6
CAP-232,6
CAPECITABINE,6
CARBAZOCHROME SODIUM SULFONATE,6
CARBIDOPA,6
CASIN,6
CAY-10581,6
CAY-10626,6
CAY10505,6
CAY10603,6
CC-401,6
CCT 018159,6
CCT-018159,6
CD 437,6
CDIBA,6
CDK9 INHIBITOR,6
CEDIRANIB,6
CEPHALOMANNINE,6
CGI-1746,6
CHEMBL1221434,6
CHEMBL1288002,6
CHEMBL166161,6
CHEMBL1824695,6
CHEMBL213634,6
CHEMBL2142962,6
CHEMBL2143037,6
CHEMBL2143157,6
CHEMBL2426174,6
CHEMBL256963,6
CHEMBL3348950,6
CHEMBL3349015,6
CHEMBL371226,6
CHEMBL39740,6
CHEMBL63426,6
CHENODEOXYCHOLIC ACID,6
CHIR-99021,6
CIDOFOVIR,6
CL-82198,6
COENZYME Q10,6
CORTISONE ACETATE,6
CT-99021,6
CURCUMOL,6
CUTAMESINE,6
CUTAMESINE HYDROCHLORIDE,6
CVT-6883,6
CX-5461,6
CYC-116,6
CYPROTERONE ACETATE,6
D-4476,6
D-NMAPPD,6
DA-3003-1,6
DABIGATRAN,6
DAMINOZIDE,6
DAPTOMYCIN,6
DCC-2036,6
DE-096,6
DEFLAZACORT,6
DEGRASYN,6
DEMECOLCINE,6
DICLOFENAC SODIUM,6
DIENOGEST,6
DIETHYLSTILBESTROL,6
DIMETHYL FUMARATE,6
DIOSCIN,6
DIOSMIN,6
DORAMAPIMOD,6
DOXIFLURIDINE,6
DROSPIRENONE,6
ECONAZOLE NITRATE,6
ELLAGIC ACID,6
EMRICASAN,6
ENALAPRIL MALEATE,6
ENMD-981693,6
ENOXOLONE,6
ENZALUTAMIDE,6
EPALRESTAT,6
ERTEBEREL,6
ERYTHROMYCIN,6
ESTRADIOL,6
ESTRIOL,6
ESTRONE,6
ETHOSUXIMIDE,6
FASN BI,6
FASN MRK,6
FENOLDOPAM,6
FILGOTINIB,6
FINASTERIDE,6
FLUDARABINE PHOSPHATE,6
FLUOCINONIDE,6
FLUPIRTINE MALEATE,6
FMK,6
FORETINIB,6
FOTEMUSTINE,6
GALLAMINE TRIETHIODIDE,6
GB-83,6
GDC-0349,6
GEDATOLISIB,6
GENIPOSIDIC ACID,6
GESTODENE,6
GIVINOSTAT (ITF2357),6
GLS-968,6
GLUTAMINASE C-IN-1,6
GNE-477,6
GNE-490,6
GNE-493,6
GR-159897,6
GSI-IX,6
GSK-1016790A,6
GSK-1904529A,6
GSK-1995010,6
GSK-25,6
GSK-269962A,6
GSK-3965,6
GSK-4112,6
GSK-650394,6
GSK-837149A,6
GSK-J1,6
GSK1016790A,6
GSK269962A,6
GSK4112,6
GSK837149A,6
GW-4064X,6
GW-4869,6
GW-7647,6
GW-791343,6
GW-843682X,6
GW-9508,6
GW3965,6
GW7647,6
GW843682X,6
HC 067047,6
HC-067047,6
HG-10-102-01,6
HH-AG1.5,6
HLI-373989,6
HYDROXOCOBALAMIN,6
IBUTAMOREN MESILATE,6
ICARIIN,6
ICARITIN,6
ICI-D7288,6
ICRF-193,6
IDH-001,6
IDOXURIDINE,6
IKK-16,6
IMEXON,6
INDIBULIN,6
INIPARIB,6
IPFK2,6
IRAK INHIBITOR 5,6
IRESTATIN 9389,6
IRSOGLADINE MALEATE,6
ISOLIQUIRITIGENIN,6
ISOTRETINOIN,6
ISOX,6
ITD-1,6
ITK INHIBITOR,6
IVABRADINE HYDROCHLORIDE,6
IVACAFTOR,6
IWP-2,6
JZL-184,6
KARTOGENIN,6
KETOTIFEN,6
KI-20227,6
KI20227,6
KRP-203,6
KRP-297,6
KU-0064,6
KW-2449,6
L-NAME,6
LAMIVUDINE,6
LDN-193189,6
LEVODOPA,6
LG-100268,6
LINIFANIB,6
LRRK2-IN-1,6
LY-2109761,6
LY-2886721,6
LY2940680,6
MASITINIB,6
MASOPROCOL,6
MEDROXYPROGESTERONE ACETATE,6
MELPHALAN,6
MESTRANOL,6
MG 149,6
MG-115,6
MG-149,6
MICONAZOLE NITRATE,6
MINOCYCLINE,6
MIZORIBINE,6
MK-3207,6
MK-886,6
ML-141,6
ML141,6
ML216,6
MLN-120B,6
MLN120B,6
MOCETINOSTAT,6
MOMELOTINIB,6
MONASTROL,6
MOSAPRIDE CITRATE,6
NCGC00168459-01,6
NCGC00188866,6
NCGC00189393,6
NCGC00238624,6
NCGC00241036,6
NCGC00241410,6
NCGC00241411,6
NCGC00242487,6
NCGC00244250,6
NCGC00247866,6
NCGC00249759,6
NCGC00250393-01,6
NCGC00253909-01,6
NCGC00262398,6
NCGC00262398-02,6
NCGC00263015,6
NCGC00263020,6
NCGC00263127-01,6
NCGC00263226-01,6
NCGC00263228-01,6
NCGC00263280-01,6
NCGC00346660-01,6
NCGC00346661-01,6
NCGC00381504-01,6
NEDAPLATIN,6
NERATINIB,6
NESBUVIR,6
NILUTAMIDE,6
NIRAXOSTAT,6
NORFLOXACIN,6
NSC 663284,6
NSC-23766,6
NU-7441,6
NVP-XAV-939,6
NYSTATIN,6
O6-BENZYLGUANINE,6
OCTOCRYLENE,6
OCTREOTIDE,6
OFLOXACIN,6
OLANZAPINE,6
OMIGAPIL,6
OSELTAMIVIR PHOSPHATE,6
OSI-420,6
OSI-632,6
PANTOPRAZOLE,6
PARBENDAZOLE,6
PAROGRELIL,6
PD-0220245,6
PD-166285,6
PD-166793,6
PD-173074,6
PD166285,6
PDHK RIKEN,6
PEFLOXACIN,6
PENTAGASTRIN,6
PEPSTATIN,6
PERINDOPRIL,6
PHLORIZIN,6
PICEATANNOL,6
PIK-75,6
PIM 1 INHIBITOR 2,6
PIM-1 INHIBITOR 2,6
PIPERINE,6
PIRAXOSTAT,6
PITAVASTATIN CALCIUM,6
PIZOTIFEN,6
PK 11195,6
PK-11195,6
PKI-402,6
PLURIPOTIN,6
PNU-74654,6
POLYDATIN,6
POSACONAZOLE,6
PP242,6
PRACINOSTAT,6
PRAVASTATIN SODIUM,6
PREGABALIN,6
PREGNENOLONE,6
PROPARACAINE,6
PROPOFOL,6
PROSTAGLANDIN E2,6
PRT-060318,6
PRULIFLOXACIN,6
PUERARIN,6
PURVALANOL A,6
PYRIDONE 6,6
PYROXAMIDE,6
QCR-20,6
QS11,6
QUIZARTINIB,6
R-406,6
RAMATROBAN,6
RAMIPRIL,6
RD 162,6
RD-162,6
REGORAFENIB,6
RESVERATROL,6
RETIGABINE,6
REVERSINE,6
RG-108,6
RHEIN,6
RIFAXIMIN,6
RILMENIDINE,6
RISEDRONATE SODIUM,6
RO-4929097,6
RO4929097,6
ROCURONIUM BROMIDE,6
S-(+)-ROLIPRAM,6
SALICIN,6
SHIKIMIC ACID,6
SITAFLOXACIN HYDRATE,6
SL-327,6
STREPTOZOCIN,6
SUPLATAST TOSYLATE,6
TELAPREVIR (VX-950),6
SA-13353,6
SB 206553,6
SB 265610,6
SCHEMBL1461351,6
SCHEMBL16126186,6
SCHEMBL2227980,6
SCHEMBL2300706,6
SCHEMBL3619307,6
SECINH3,6
SSR 69071,6
TIPLAXTININ,6
VX-11E,6
S-99,6
SB-3CT,6
SD-06,6
SECOISOLARICIRESINOL,6
SERATRODAST,6
SHIKONIN,6
SIPATRIGINE,6
SIVELESTAT,6
SPAUTIN-1,6
SPERMIDINE,6
STX-0119,6
TAKEDA-6D,6
TAURINE,6
TERAMEPROCOL,6
TRAM-34,6
TUBACIN,6
TUBASTATIN A,6
VARDENAFIL,6
VIDOFLUDIMUS,6
VINORELBINE TARTRATE,6
WAY-100635,6
WHI-P97,6
WYE-687,6
YW3-56,6
ETOXIMIR,6
SAQUINAVIR MESYLATE,6
RWJ-67657,6
S6K-18,6
SB-203580,6
SB-206553,6
SB-216763,6
SB-265610,6
SB-431542,6
SB-525334,6
SCH-79797,6
SECIN H3,6
SELISISTAT,6
SERDEMETAN,6
SG-00529,6
SGI-1776,6
SILMITASERTIB,6
SJN-2511,6
SONIDEGIB,6
SR 33805,6
SRT-1720,6
SSR-69071,6
TAE-684,6
TALADEGIB,6
TANDUTINIB,6
TEPP-46,6
TG-101348,6
TIPLASININ,6
TIVOZANIB,6
TOSEDOSTAT,6
TUROFEXORATE ISOPROPYL,6
U-73122,6
UBENIMEX,6
VAPIPROST HYDROCHLORIDE,6
VELIPARIB,6
VER-155008,6
WNT-C59,6
WZ-4002,6
ZIBOTENTAN,6
TEMSIROLIMUS,6
TRANILAST,6
TRIFLURIDINE,6
URIDINE,6
URSODIOL,6
URSOLIC ACID,6
VITAMIN B12,6
VX-765,6
(6-)E-<U+200B>AMINOCAPROIC ACID,5
17 ALPHA-PROPIONATE,5
3-INDOLEBUTYRIC ACID (IBA),5
4-METHYLUMBELLIFERONE (4-MU),5
7-HYDROXYSTAUROSPORINE,5
ABT-751 (E7010),5
AC480 (BMS-599626),5
ACICLOVIR,5
AG-1478 (TYRPHOSTIN AG-1478),5
ALOXISTATIN,5
AMFEBUTAMONE HCL,5
ANACETRAPIB (MK-0859),5
ASENAPINE MALEATE,5
AT13387,5
AT7867,5
AT9283,5
ATALUREN (PTC124),5
AVAGACESTAT (BMS-708163),5
AZ 960,5
AZASETRON HYDROCHLORIDE,5
AZD2014,5
AZD4547,5
AZD5363,5
AZD5438,5
AZD8931 (SAPITINIB),5
BAFETINIB,5
BALSALAZIDE DISODIUM,5
BAM7,5
BARASERTIB (AZD1152-HQPA),5
BATIMASTAT (BB-94),5
BENSERAZIDE,5
BETA-SITOSTEROL,5
BETAINE,5
BIBR 1532,5
BIMATOPROST,5
BIO,5
BIOYMIFI,5
BIX 02189,5
BTZ043 RACEMATE,5
BUDESONIDE,5
BUTYLSCOPOLAMINE BROMIDE,5
BYL719,5
CAFFEINE,5
CALPEPTIN,5
CAPSAICIN,5
CCT128930,5
CCT129202,5
CCT137690,5
CEP-18770 (DELANZOMIB),5
CERULENIN,5
CH5132799,5
CHLORHEXIDINE,5
CHRYSOPHANIC ACID,5
CLINDAMYCIN PALMITATE HCL,5
CLOPIDOGREL BISULFATE,5
CORDYCEPIN,5
CROTAMITON,5
CUCURBITACIN I,5
CX-6258,5
CYCLOBENZAPRINE HYDROCHLORIDE,5
D-PANTOTHENIC ACID,5
DABRAFENIB (GSK2118436),5
DACLATASVIR DIHYDROCHLORIDE,5
DAIDZIN,5
DAPT (GSI-IX),5
DAUNORUBICIN,5
DBEQ,5
DEXRAZOXANE HYDROCHLORIDE,5
DIENESTROL,5
DIGOXIN,5
DIOSMETIN,5
DMXAA (VADIMEZAN),5
DORZOLAMIDE HYDROCHLORIDE,5
ELTROMBOPAG OLAMINE,5
ENTECAVIR,5
EPLERENONE,5
ERGOSTEROL,5
ESTRAMUSTINE,5
ETHISTERONE,5
EVODIAMINE,5
FENTICONAZOLE NITRATE,5
FG-4592,5
FLUNISOLIDE,5
FT-207 (NSC 148958),5
GALETERONE,5
GDC-0980 (RG7422),5
GENIPOSIDE,5
GINKGOLIDE A,5
GNF-5837,5
GO 6983,5
GSK1070916,5
GSK1292263,5
GSK1838705A,5
GSK256066,5
GSK2636771,5
GSK429286A,5
GW4064,5
GW441756,5
GW788388,5
GW842166X,5
H-89,5
HA14-1,5
HER2-INHIBITOR-1,5
HESPERETIN,5
HMN-214,5
HYODEOXYCHOLIC ACID,5
I-BET-762,5
I-BET151 (GSK1210151A),5
IDARUBICIN HYDROCHLORIDE,5
ILOMASTAT,5
INCB28060,5
INGENOL MEBUTATE,5
IPI-145 (INK1197),5
IPRIFLAVONE (OSTEOFIX),5
ISOCONAZOLE NITRATE,5
JNJ-38158471,5
JNK-IN-8,5
KI16425,5
KI8751,5
KRN 633,5
KU-55933 (ATM KINASE INHIBITOR),5
KY02111,5
LACTULOSE,5
LAROPIPRANT,5
LFM-A13,5
LUTEOLIN,5
LY2603618,5
LY2784544,5
LY2811376,5
LY294002,5
LY411575,5
M344,5
MCOPPB,5
MEK162,5
METHSCOPOLAMINE BROMIDE,5
MK-2866 (GTX-024),5
MLN8054,5
MOXONIDINE,5
NAPROXEN SODIUM,5
NATAMYCIN,5
NCGC00179649-07,5
NERATINIB (HKI-272),5
NICOTINAMIDE (VITAMIN B3),5
NICOTINIC ACID,5
NORADRENALINE BITARTRATE MONOHYDRATE,5
NU6027,5
NVP-ADW742,5
NVP-BVU972,5
ODANACATIB (MK-0822),5
OLEANOLIC ACID,5
OMECAMTIV MECARBIL (CK-1827452),5
OPROZOMIB (ONX 0912),5
ORANTINIB,5
OROTIC ACID (6-CARBOXYURACIL),5
OSU-03012 (AR-12),5
OXAMFLATIN,5
OXANDROLONE,5
OXYTETRACYCLINE (TERRAMYCIN),5
PAPAVERINE HYDROCHLORIDE,5
PD184352 (CI-1040),5
PD318088,5
PD98059,5
PENTAMIDINE ISETHIONATE,5
PF-543,5
PF-562271,5
PF562271,5
PHA-767491,5
PHENELZINE,5
PIMASERTIB (AS-703026),5
PIOGLITAZONE,5
PNU-282987,5
PRANLUKAST HYDRATE,5
PREDNISOLONE ACETATE,5
PROCATEROL HYDROCHLORIDE,5
QUISINOSTAT (JNJ-26481585),5
R547,5
REBECCAMYCIN,5
RIBOFLAVIN,5
RIFAPENTINE,5
RITA (NSC 652287),5
ROBOTNIKININ,5
ROCILINOSTAT (ACY-1215),5
S3I-201,5
SAR245409 (XL765),5
SB408124,5
SB415286,5
SB505124,5
SB705498,5
SCOPINE,5
SEMAGACESTAT (LY450139),5
SNX-2112 (PF-04928473),5
SP600125,5
STEMREGENIN 1 (SR1),5
STIGMASTEROL,5
STREPTOMYCIN SULFATE,5
SULINDAC,5
TAE226 (NVP-TAE226),5
TEMOCAPRIL HCL,5
VATALANIB (PTK787) 2HCL,5
SB-743921,5
TELOTRISTAT ETIPRATE,5
TG100-115,5
TG101209,5
TIE2 KINASE INHIBITOR,5
TWS119,5
UK 383367,5
URB597,5
VARESPLADIB (LY315920),5
VARLITINIB,5
VU 0357121,5
VX-809 (LUMACAFTOR),5
WYE-125132 (WYE-132),5
WZ3146,5
WZ8040,5
YM201636,5
ZM 336372,5
ZM 447439,5
ZOSUQUIDAR (LY335979) 3HCL,5
ZSTK474,5
S-TRITYL-L-CYSTEINE,5
SALBUTAMOL SULFATE,5
SELEGILINE HYDROCHLORIDE,5
SOFOSBUVIR,5
SUMANIROLE MALEATE,5
TEICOPLANIN,5
TELITHROMYCIN,5
TESMILIFENE HYDROCHLORIDE,5
TOBRAMYCIN,5
VALSPODAR,5
VINFLUNINE,5
WARFARIN SODIUM,5
YOHIMBINE,5
TOLTERODINE TARTRATE,5
VARENICLINE TARTRATE,5
(PHENYLINDOLYL)MALEIMIDE DERIV. 79,4
1-(1-NAPHTHYLMETHYL)PIPERAZINE,4
1-(4-FLUOROPHENYL)-3-(3-(4-FLUOROPHENYL)-3-HYDROXYPROPYL)-4-(4-HYDROXYPHENYL)AZETIDIN-2-ONE,4
1-DOCOSANOL,4
1-METHYL-D-TRYPTOPHAN,4
10-DEACETYLBACCATIN,4
10-EPI-ACLACINOMYCIN A,4
1047953-91-2,4
1072959-67-1,4
108605-62-5,4
1096708-71-2,4
1144035-53-9,4
1155877-97-6,4
118414-82-7,4
124936-75-0,4
1262770-73-9,4
130332-27-3,4
1314241-44-5,4
131848-97-0,4
1346528-06-0,4
141400-58-0,4
1429617-90-2,4
153436-54-5,4
16-16-DIMETHYL PGE2,4
164178-33-0,4
164658-13-3,4
17-HYDROXY WORTMANNIN,4
176977-56-3,4
17_-HYDROXY WORTMANNIN,4
180083-23-2,4
185039-99-0,4
193746-75-7,4
199433-58-4,4
1H-INDOLE-5-CARBOXAMIDE,4
"2-(3,7,11-TRIMETHYLDODECA-2,6,10-TRIENYLSULFANYL)BENZOIC ACID",4
2-({[4-(3-METHOXYPROPOXY)-3-METHYLPYRIDIN-2-YL]METHYL}SULFINYL)BENZIMIDAZOL-1-IDE,4
2-DEOXYGALACTOPYRANOSE,4
2-DEOXYGLUCOSE,4
211915-06-9,4
218137-86-1,4
227088-94-0,4
3-BROMOPYRUVATE,4
3-INDOLEBUTYRIC ACID,4
303727-31-3,4
309928-48-1,4
314042-01-8,4
330161-87-0,4
38194-50-2,4
"3\',4\'-DIACETYLAFZELIN",4
4-METHYLUMBELLIFERONE,4
4-QUINAZOLINAMINE,4
405554-55-4,4
409345-29-5,4
431979-47-4,4
449811-92-1,4
473382-39-7,4
476477-15-3,4
5-CHLORO-N-((2-OXO-3-(4-(3-OXOMORPHOLINO)PHENYL)OXAZOLIDIN-5-YL)METHYL)THIOPHENE-2-CARBOXAMIDE,4
5-HYDROXY-L-TRYPTOPHAN,4
5-HYDROXYTRYPTOPHAN,4
56990-57-9,4
58131-57-0,4
"6-(7-HYDROXY-6,7-DIHYDRO-5H-PYRROLO[1,2-C]IMIDAZOL-7-YL)-N-METHYL-2-NAPHTHAMIDE",4
6-BROMOINDIRUBIN-3'-ACETOXIME,4
667463-62-9,4
67469-78-7,4
7728-73-6,4
8-CL-ADO,4
80306-38-3,4
842166X,4
865362-74-9,4
885692-52-4,4
888719-03-7,4
906673-24-3,4
928774-43-0,4
936091-15-5,4
936091-56-4,4
944396-88-7,4
A 839977,4
A-66,4
A-740003,4
A-839977,4
A-922500,4
A-966492,4
ABC-294640,4
ABEXINOSTAT,4
AC-480,4
AC1LAYFC,4
AC1LU7HW,4
AC1MWLHC,4
AC1NUNML,4
AC1OF4NF,4
ACEMETACIN,4
ACHP,4
ACLARUBICIN,4
ACY-1215,4
ACYCLOVIR,4
ADL-5859,4
ADW-742,4
AG-13958,4
AG-1478,4
AK198640,4
AKT-I-1,4
"AKT-I-1,2",4
AKT-I-1-2,4
ALIBENDOL,4
ALPELISIB,4
AM-630,4
AMANTADINE HYDROCHLORIDE,4
AMD 473,4
AMILORIDE HYDROCHLORIDE,4
AMINOCAPROIC ACID,4
AMOROLFINE,4
AMOROLFINE HYDROCHLORIDE,4
AMYGDALIN,4
AN-2728,4
ANACETRAPIB,4
ANSAMITOCIN P3,4
APRESOLINE,4
AR-7,4
ARECOLINE,4
ARRY-162,4
ARRY-380,4
AS-1949490,4
AS-602801,4
AS1949490,4
AS601245,4
ASARALDEHYDE,4
ASP-3026,4
ASP3026,4
AT-7867,4
AT-9283,4
ATOPAXAR,4
AURANTIAMARIN (METHYL HESPERIDIN),4
AVAGACESTAT,4
AZ-10606120,4
AZ-11645373,4
AZ-960,4
AZ-TAK1 INHIBITOR,4
AZD-4547,4
AZD-5363,4
AZD-5438,4
AZOMYCIN,4
AZTREONAM,4
BAF-312,4
BAM-7,4
BATIMASTAT,4
BAY 61-3606,4
BAY61-3606,4
BAZEDOXIFENE ACETATE,4
BERGENIN,4
BETA-CAROTENE,4
BIBR-1048,4
BILOBALIDE,4
BIO-ACETOXIME,4
BIX-02189,4
BMS 299897,4
BMS-2,4
BMS-299897,4
BMS-378806,4
BMS-707035,4
BMS-833923,4
BROMHEXINE HYDROCHLORIDE,4
BS-194,4
BS194,4
BTZ-10526043,4
BUFLOMEDIL HYDROCHLORIDE,4
BUPROPION HYDROCHLORIDE,4
BUTHIONINE SULFOXIMINE,4
BUTHIONINE SULPHOXIMINE,4
C-188-9,4
C188-9,4
C75,4
CA-074 ME,4
CAA-0225,4
CALCIUM FOLINATE,4
CAPMATINIB,4
CARDIOGENOL,4
CARDIOGENOL C,4
CB 300919,4
CCT-128930,4
CCT-129202,4
CCT-137690,4
CCT-241533,4
CDK4/6 INHIBITOR IV,4
CDK\\/CRK INHIBITOR,4
CEFDINIR,4
CEFDITOREN PIVOXIL,4
CEFOPERAZONE SODIUM,4
CELASTROL,4
CEP-32496,4
CGP-60474,4
CGS-21680,4
CH-5132799,4
CHELERYTHRINE,4
CHEMBL1090466,4
CHEMBL1242367,4
CHEMBL130321,4
CHEMBL1706858,4
CHEMBL178737,4
CHEMBL1836853,4
CHEMBL1950303,4
CHEMBL2018451,4
CHEMBL2052019,4
CHEMBL2132441,4
CHEMBL2133870,4
CHEMBL2134570,4
CHEMBL2138817,4
CHEMBL2140838,4
CHEMBL2141387,4
CHEMBL2144690,4
CHEMBL2144820,4
CHEMBL258696,4
CHEMBL3185811,4
CHEMBL3185999,4
CHEMBL3188517,4
CHEMBL3348829,4
CHEMBL3348883,4
CHEMBL3348886,4
CHEMBL3348890,4
CHEMBL3348894,4
CHEMBL3348954,4
CHEMBL3348956,4
CHEMBL3348975,4
CHEMBL3349002,4
CHEMBL3349004,4
CHEMBL3856067,4
CHEMBL431383,4
CHEMBL562308,4
CHEMBL75474,4
CHLORAMPHENICOL,4
CHLORMETHINE,4
CHRYSOPHANOL,4
CILENGITIDE,4
CINCHONINE DIHYDROCHLORIDE,4
CK-59,4
CLINDAMYCIN HCL,4
CLINDAMYCIN PALMITATE,4
CLOMIPRAMINE HYDROCHLORIDE,4
CNX-774,4
COMPOUND 7,4
CONIVAPTAN,4
CONIVAPTAN HYDROCHLORIDE,4
COT INHIBITOR-2,4
CT-98014,4
CYCLOCYTIDINE HYDROCHLORIDE,4
CYCLOSPORINE A,4
CYPROHEPTADINE HYDROCHLORIDE,4
D-159687,4
D-PENICILLAMINE,4
DABRAFENIB,4
DACINOSTAT,4
DANOPREVIR,4
DAPHNETIN,4
DEHYDROEPIANDROSTERONE,4
DELANZOMIB,4
DICLOFENAMIDE,4
DIGITOFLAVONE,4
DIHYDROMYRICETIN,4
DIHYDROQUERCETIN,4
DIINDOLYLMETHANE,4
DILTIAZEM HYDROCHLORIDE,4
DIOSGENIN,4
DIPHENHYDRAMINE,4
DMEP,4
DOCOSANOL,4
DOPAMINE HYDROCHLORIDE,4
DORIPENEM,4
DOXOFYLLINE,4
E-7010,4
E5555,4
ECDYSONE,4
EMD-1214063,4
EO 1428,4
EO-1428,4
EPIRUBICIN HYDROCHLORIDE,4
ERASTIN,4
ERGOSTERINE,4
ESTETROL,4
ETHINYLESTRADIOL,4
ETHYL BROMOPYRUVATE,4
ETODOLAC,4
EVACETRAPIB (LY2484595),4
FAMOTIDINE,4
FASCAPLYSIN,4
FENTICONAZOLE,4
FK-506,4
FLUOROURACIL,4
FLUPHENAZINE HYDROCHLORIDE,4
FMK-MEA,4
FORMONONETIN,4
FR-180204,4
FUROSEMIDE,4
GABEXATE MESILATE,4
GANDOTINIB,4
GANT 58,4
GANT-61,4
GANT61,4
GAVESTINEL SODIUM,4
GDC-0152,4
GLYCYL-H 1152,4
GLYCYL-H-1152,4
GM 1489,4
GM-1489,4
GO 6976,4
GO-6976,4
GO-6983,4
GSK 525768A,4
GSK 650394,4
GSK-1070916A,4
GSK-126,4
GSK-1292263A,4
GSK-1838705A,4
GSK-2334470,4
GSK-256066,4
GSK-2636771,4
GSK-429286A,4
GSK-525768,4
GSK126,4
GSK3 INHIBITOR,4
GW-441756,4
GW-5074,4
GW-6471,4
GW-788388,4
HA-14-1,4
HALOPERIDOL,4
HISTAMINE DIHYDROCHLORIDE,4
HMS3655L04,4
HMSL10038,4
HMSL10058,4
HMSL10077,4
HMSL10083,4
HMSL10087,4
HOMOHARRINGTONINE,4
HONOKIOL,4
HORDENINE,4
HPI 1,4
HPI-1,4
HYPOTHEMYCIN,4
I-BET151,4
I-BET762,4
IBANDRONATE SODIUM HYDRATE,4
IBUPROFEN LYSINE,4
IBUTAMOREN,4
IDE 2,4
IDE-2,4
IDH-C227,4
IDRONOXIL,4
IFOMIDE,4
IKK-2 INHIBITOR VIII,4
IKK-3 INHIBITOR,4
IKK-3 INHIBITOR IX,4
ILOPERIDONE,4
INDOXIMOD,4
IPRIFLAVONE,4
ISOCONAZOLE,4
ISOEVODIAMINE,4
ISOPRENALINE HYDROCHLORIDE,4
ITMN191,4
IVX-214,4
JASMONIC ACID METHYL ESTER,4
JNJ-16259685,4
JNJ-28312141,4
JNK INHIBITOR IX,4
JNK INHIBITOR V,4
JNK-IN-7,4
JZL-195,4
JZL195,4
KANAMYCIN,4
KDS-4103,4
KETANSERIN,4
KH-CB19,4
KHS-101,4
KI-16425,4
KI-8751,4
KINOME_3673,4
KL001,4
KPT-276,4
KRN-633,4
KS-00001D5I,4
KUC103669N,4
KUC105555N,4
KUC107550N,4
KUC107871N,4
KUC107887N,4
KUC110948N,4
KUC111774N,4
KY-02111,4
"L-690,330",4
L-690330,4
L-779450,4
L-SELENOMETHIONINE,4
L-TETRAMISOL,4
LAFUTIDINE,4
LAPPACONITINE,4
LDN-57444,4
LEXIBULIN,4
LEXIBULIN HYDROCHLORIDE,4
LIFICIGUAT,4
LIMONIN,4
"LIPASE INHIBITOR, THL",4
LOMEFLOXACIN HYDROCHLORIDE,4
LOMEGUATRIB,4
LOPERAMIDE HYDROCHLORIDE,4
LORATADINE,4
LSD1-C76,4
LUMACAFTOR,4
LUPEOL,4
LY-2140023,4
LY-2228820,4
LY-2608204,4
LY-2811376,4
LY-294002,4
LY-320135,4
LY-411575,4
M-344,4
MANNITOL,4
MAPROTILINE HYDROCHLORIDE,4
MARBOFLOXACIN,4
MC-1568,4
MECHLORETHAMINE,4
MECLIZINE HYDROCHLORIDE,4
MEK INHIBITOR,4
MEMANTINE HYDROCHLORIDE,4
MERCK-22-6,4
MESNA DISULFIDE,4
METARRESTIN (KUC109088N),4
METENKEPHALIN,4
METHACYCLINE HYDROCHLORIDE,4
METHOCARBAMOL,4
METHYL JASMONATE,4
MEVASTATIN,4
MI-2,4
MITHRAMYCIN A,4
MK-2048,4
ML240,4
ML315,4
ML329,4
ML369,4
MLN-2480,4
MLN-4924,4
MLN-8054,4
MLS002232309,4
MLS003678589,4
MOCRAVIMOD,4
MOXIFLOXACIN HYDROCHLORIDE,4
MOXIFLOXACIN HYDROCHLORIDE MONOHYDRATE,4
MOXONIDINE HYDROCHLORIDE HYDRATE,4
MP-10,4
MUBRITINIB,4
NAFAMOSTAT MESILATE,4
NALIDIXIC ACID,4
NALTREXONE HYDROCHLORIDE,4
NANDROLONE PHENPROPIONATE,4
NANDROLONE PHENYLPROPIONATE,4
NCGC00016645-01,4
NCGC00025091-04,4
NCGC00037850,4
NCGC00094763-03,4
NCGC00096095-02,4
NCGC00161834-01,4
NCGC00163474-05,4
NCGC00163683-02,4
NCGC00164604-03,4
NCGC00164789-05,4
NCGC00165782-02,4
NCGC00166236-01,4
NCGC00166281-02,4
NCGC00179454-04,4
NCGC00183677-03,4
NCGC00185053,4
NCGC00185090-04,4
NCGC00188382-01,4
NCGC00242478-02,4
NCGC00242511-02,4
NCGC00250402-01,4
NCGC00253463-01,4
NCGC00262376,4
NCGC00262689,4
NCGC00262689-01,4
NCGC00263018-01,4
NCGC00263092-01,4
NCGC00263106-01,4
NCGC00263108-01,4
NCGC00263119-01,4
NCGC00263139-01,4
NCGC00263143-01,4
NCGC00263148-01,4
NCGC00263268-01,4
NCGC00263270-01,4
NCGC00263944-01,4
NCGC00345810-01,4
NCGC00345819-01,4
NCGC00346482-01,4
NCGC00346543,4
NCGC00346666-01,4
NCGC00346736-01,4
NCGC00346747,4
NCGC00347908-01,4
NCGC00347951-01,4
NCGC00384826-01,4
NEPAFENAC,4
NEPICASTAT HYDROCHLORIDE,4
NEVIRAPINE,4
NIACIN,4
NIACINAMIDE,4
NIBR-17,4
NIFLUMIC ACID,4
NITOGENIN,4
NMP,4
NMS-873,4
NSC-207895,4
NSC-678515,4
NSC-724771,4
NSC-75503,4
NSC-87877,4
NU-6027,4
NU-6102,4
NU6102,4
NVP-ABE171,4
NVP-BEP800,4
NVP-BVU-972,4
NVP-TAE226,4
OAC1,4
ODANACATIB,4
OLOPATADINE HYDROCHLORIDE,4
OMECAMTIV MECARBIL,4
ONALESPIB,4
OPROZOMIB,4
OROTIC ACID,4
ORTERONEL,4
OSTARINE,4
OSU-03012,4
OTERACIL POTASSIUM,4
OXELADIN CITRATE,4
OXYMETAZOLINE,4
OXYMETAZOLINE HYDROCHLORIDE,4
OXYTETRACYCLINE,4
OZAGREL HYDROCHLORIDE,4
PANCURONIUM BROMIDE,4
PANTOTHENIC ACID,4
PCI-24781,4
PD-098059,4
PD-128907,4
PD-134308,4
PD-153035,4
PD-173955 ANALOGUE 1,4
PD-184352,4
PD-318088,4
PD173955,4
PDK1 INHIBITOR,4
PDPK1 INHIBITOR,4
PEMETREXED DISODIUM,4
PENICILLAMINE,4
PF 184,4
PF-03716556,4
PF-03814735,4
PF-184,4
PF-2545920,4
PF-299804,4
PF-8380,4
PHA-767491A,4
PHENFORMIN HYDROCHLORIDE,4
PHENOXODIOL,4
PHENOXYBENZAMINE HYDROCHLORIDE,4
PHENTOLAMINE MESILATE,4
PHENYLEPHRINE HYDROCHLORIDE,4
PIBOSEROD,4
PIBOSEROD HYDROCHLORIDE,4
PICOPLATIN,4
PIMASERTIB,4
PLERIXAFOR HYDROCHLORIDE,4
POLYMYXIN B SULPHATE,4
PRAMIPEXOLE HYDROCHLORIDE,4
PROTIONAMIDE,4
PRP003-013,4
PTC-124,4
PX-12,4
PYRANTEL PAMOATE,4
QL47,4
QUINAZOLIN-4-YLAMINE,4
R-1487,4
R-547,4
RABUSERTIB,4
RAF-265 DERIVATIVE,4
RAF265 DERIVATIVE,4
RANELIC ACID DISTRONTIUM SALT,4
REBOXETINE MESYLATE,4
RESMINOSTAT,4
RGB-286147,4
RIDAFOROLIMUS,4
RIFAMPIN,4
RIGOSERTIB (ON-01910),4
RITA,4
RITODRINE HYDROCHLORIDE,4
RITONAVIR,4
RKI-1447,4
RO 51,4
RO-31-8425,4
RO-51,4
ROSE BENGAL,4
ROSE BENGAL DISODIUM,4
ROTUNDINE,4
ROXADUSTAT,4
ROXITHROMYCIN,4
RUPINTRIVIR,4
RUTAECARPINE,4
SALIDROSIDE,4
STF-118804,4
SULFAPYRIDINE,4
SULPHADIMETHOXINE,4
TANSHINONE I,4
TEBIPENEM PIVOXIL,4
SCHEMBL185621,4
SSR504734,4
WORTMANNIN FROM PENICILLIUM FUNICULOSUM,4
ZALDARIDE,4
ZINC101426918,4
SB 202190,4
SB 239063,4
SB-747651A,4
SCHEMBL12880048,4
SCHEMBL1614292,4
SCHEMBL17378613,4
SCHEMBL19918218,4
SCHEMBL20400776,4
SCHEMBL2105915,4
SCHEMBL8437603,4
SELENOMETHIONINE,4
SIBUTRAMINE,4
SR9011,4
STRONTIUM RANELATE,4
TECALCET,4
TENOFOVIR DISOPROXIL FUMARATE,4
TEPOTINIB,4
TETRANDRINE,4
THIAMPHENICOL,4
TRICIRIBINEPHOSPHATE,4
TROSPIUM CHLORIDE,4
TROXATYL,4
UNC0638,4
UNII-FA554TW3UP,4
VALACYCLOVIR,4
WH-4-023,4
XRP44X,4
ZIDOVUDINE,4
ZINC18182079,4
ZINC21999985,4
ZINC242723022,4
ZINC250325905,4
ZINC84688828,4
ZOLMITRIPTAN,4
WO2016044770,4
SB-224289,4
SB1518,4
TIDEGLUSIB,4
UNC2250,4
VALDECOXIB,4
WHI-P154,4
ZEBULARINE,4
S31-201,4
SAPITINIB,4
SARAFLOXACIN HYDROCHLORIDE,4
SB-202190,4
SB-239063,4
SB-242235,4
SB-408124,4
SB-415286,4
SB-505124,4
SB-590885,4
SB-705498,4
SB-747651-A,4
SD-169,4
SEMAGACESTAT,4
SGC-0946,4
SIBUTRAMINE HYDROCHLORIDE,4
SILYBIN,4
SKF-89976A,4
SL-0101-1,4
SNX-2112,4
SODIUM CROMOGLYCATE,4
SP-600125,4
SR-1664,4
SR-3677,4
SR-9011,4
STAUPRIMIDE,4
STEMREGENIN 1,4
SU-5402,4
SU-6656,4
SU-MI-2,4
SURAMIN SODIUM,4
TACRINE HYDROCHLORIDE,4
TALTIRELIN,4
TANESPIMYCIN,4
TCS-2312,4
TCS-JNK-5A,4
TEGAFUR,4
TEGASEROD MALEATE,4
TEMOCAPRIL HYDROCHLORIDE,4
TESTOSTERONE CYPIONATE,4
TETRACYCLINE HYDROCHLORIDE,4
TETRAHYDROURIDINE,4
TG-100115,4
TG-101209,4
TG-46,4
TG-89,4
THEOPHYLLAMINE,4
TICLOPIDINE HYDROCHLORIDE,4
TIE-2 KINASE INHIBITOR,4
TIOGUANINE,4
TIZANIDINE HYDROCHLORIDE,4
TRICIRIBINE PHOSPHATE,4
TRIPTERIN,4
TROXACITABINE,4
TWS-119,4
TYRPHOSTIN B42,4
UK-383367,4
UNC-0638,4
UNC-669,4
URIDINE TRIACETATE,4
VADIMEZAN,4
VALACICLOVIR,4
VANCOMYCIN HYDROCHLORIDE,4
VANOXEAMINE,4
VARESPLADIB,4
VARLITINIB TOSYLATE,4
VCH-916,4
VER-82576,4
VICRIVIROC (SCH-417690),4
VISTUSERTIB,4
VOSAROXIN,4
VU0357121,4
WP-1066,4
WS-3,4
WYE-125132,4
WYETH COT INHIBITOR 2,4
WZ-3146,4
WZ-8040,4
XIMELAGATRAN,4
XL-147,4
XL-765,4
XRP-44X,4
XYLOMETAZOLINE HYDROCHLORIDE,4
Y-39983,4
YM-201636,4
ZM-336372,4
ZOLEDRONIC ACID MONOHYDRATE,4
ZOSUQUIDAR TRIHYDROCHLORIDE,4
(+)-MATRINE,3
(+)-USNIACIN,3
(-)-PARTHENOLIDE,3
17-AAG (TANESPIMYCIN),3
3-DEAZANEPLANOCIN A (DZNEP),3
4SC-202,3
7-AMINOCEPHALOSPORANIC ACID,3
A 438079,3
A-1210477,3
A-196,3
A-366,3
A66,3
A922500,3
ACALISIB,3
ACAMPROSATE CALCIUM,3
ACOLBIFENE,3
ACTB-1003,3
ACY-738,3
ACY-775,3
ADOMEGLIVANT,3
AG-490 (TYRPHOSTIN B42),3
ALOPERINE,3
ALTIRATINIB,3
ALVIMOPAN,3
ALW-II-41-27,3
AMANTADINE HCL,3
AMCASERTIB,3
AMG PERK 44,3
AMG-337,3
AMINOPHYLLINE,3
AMIODARONE HCL,3
AMISELIMOD HYDROCHLORIDE,3
AMRUBICIN,3
AMSACRINE,3
ANAMORELIN,3
ANLOTINIB,3
AP-768,3
AP26113,3
APAZIQUONE,3
APTO-253,3
APY29,3
AR-A014418,3
ARBUTIN,3
ARGLABIN,3
ARS-853,3
ARTEFANILIDE,3
ARV-771,3
ARV-825,3
ASCIMINIB,3
ASP-9521,3
ATACIGUAT,3
ATAZANAVIR SULFATE,3
ATIPRIMOD,3
ATN-161,3
ATRACTYLENOLIDE I,3
ATRACURIUM BESYLATE,3
ATRASENTAN,3
ATUVECICLIB,3
AVACOPAN,3
AVITINIB,3
AVL-292,3
AX-024,3
AZ191,3
AZD-8835,3
AZD2461,3
AZD3463,3
AZD3514,3
AZD8055,3
BACITRACIN (ZINC),3
BAICALIN,3
BALICATIB,3
BASMISANIL,3
BAY-1436032,3
BAY-1895344,3
BELINOSTAT (PXD101),3
BELIZATINIB,3
BELOTECAN,3
BENSERAZIDE HCL,3
BETA CAROTENE,3
BGB-3111,3
BGP-15,3
BGT226 (NVP-BGT226),3
BI-7273,3
BI-847325,3
BI-9564,3
BIMIRALISIB,3
BISOPROLOL,3
BIX02188,3
BLU-554,3
BMS-214662,3
BMS-582949,3
BMS-587101,3
BMS-687453,3
BMS-906024,3
BMS-983970,3
BMS-986020,3
BMS-986158,3
BMS-986205,3
BPTES,3
BQ-123,3
BREQUINAR,3
BRICICLIB,3
BRIGATINIB,3
BRILANESTRANT,3
BRINCIDOFOVIR,3
BRL-15572,3
BROMHEXINE HCL,3
BRUCEANTIN,3
BUFLOMEDIL HCL,3
BVT-14225,3
BVT-3498,3
CAFFEIC ACID,3
CANNABIDIOL,3
CARBOXYAMIDOTRIAZOLE,3
CATHEPSIN S INHIBITOR,3
CB-5083,3
CB-839,3
CC-115,3
CC-223,3
CC-885,3
CCT251236,3
CEBRANOPADOL,3
CEFACLOR,3
CEFOSELIS SULFATE,3
CEFPROZIL MONOHYDRATE,3
CEP-40783,3
CEPHALEXIN,3
CEPHRADINE,3
CERDULATINIB,3
CEVIPABULIN,3
CFI-400945,3
CFI-402257,3
CHIR-98014,3
CHLORAMPHENICOL PALMITATE,3
CHLOROPYRAMINE HYDROCHLORIDE,3
CHRYSIN,3
CHZ868,3
CI994 (TACEDINALINE),3
CICLESONIDE,3
CINACALCET HCL,3
CINACIGUAT,3
CINCHONIDINE,3
CLARITHROMYCIN,3
CLEMASTINE FUMARATE,3
CLEMIZOLE HYDROCHLORIDE,3
CLEVUDINE,3
CLOMIPRAMINE HCL,3
CLONIDINE,3
CLOXACILLIN SODIUM,3
CNX-2006,3
CO-1686 (AVL-301),3
CPI-0610,3
CPI-1189,3
CPI-1205,3
CPI-169 RACEMATE,3
CPI-203,3
CPI-360,3
CPI-4203,3
CPI-444,3
CPI-455,3
CPI-637,3
CRENIGACESTAT,3
CRYSTAL VIOLET,3
CTS-1027,3
CUDC-427,3
CVT-313,3
CYPROHEPTADINE HCL,3
D-MANNITOL,3
DANIRIXIN,3
DAPRODUSTAT,3
DARUNAVIR,3
DECERNOTINIB,3
DEFEROXAMINE MESYLATE,3
DEGRASYN (WP1130),3
DEHYDROEPIANDROSTERONE (DHEA),3
DERAZANTINIB,3
DESFESOTERODINE,3
DEXANABINOL,3
DICLOFENSINE,3
DIDANOSINE,3
DIHYDROARTEMISININ (DHA),3
DILTIAZEM HCL,3
DOBUTAMINE,3
DOFEQUIDAR,3
DOLASTATIN 10,3
DOLUTEGRAVIR (GSK1349572),3
DOPAMINE HCL,3
DOXAZOSIN MESYLATE,3
DRONEDARONE HCL,3
EAI045,3
EFAPROXIRAL,3
EFT508,3
EL-102,3
ELACESTRANT,3
ELAFIBRANOR,3
ELAGOLIX,3
EMTRICITABINE,3
ENASIDENIB,3
ENCORAFENIB,3
ENTOSPLETINIB,3
ENTRECTINIB,3
EPACADOSTAT,3
EPIRUBICIN HCL,3
EPISILVESTROL,3
EPOTHILONE D,3
EPROSARTAN MESYLATE,3
EPZ-6438,3
EPZ004777,3
EPZ011989,3
EPZ5676,3
ER 819762,3
ERDAFITINIB,3
ERIBULIN MESYLATE,3
ESOMEPRAZOLE SODIUM,3
ESZOPICLONE,3
ETOMOXIR,3
ETORICOXIB,3
ETRASIMOD,3
EVOBRUTINIB,3
EXATECAN,3
EXHERIN,3
EZUTROMID,3
FADROZOLE,3
FASUDIL (HA-1077) HCL,3
FESOTERODINE FUMARATE,3
FG-2216,3
FILANESIB,3
FINGOLIMOD (FTY720) HCL,3
FLEROXACIN,3
FLUMATINIB MESYLATE,3
FLUNARIZINE,3
FLUTICASONE FUROATE,3
FRUQUINTINIB,3
GABEXATE MESYLATE,3
GARDIQUIMOD,3
GDC-0077,3
GDC-0084,3
GDC-0326,3
GDC-0339,3
GDC-046,3
GDC-0623,3
GDC-0834 RACEMATE,3
GENIPIN,3
GENZ-644282,3
GGTI-2418,3
GILTERITINIB,3
GINSENOSIDE RB1,3
GLASDEGIB,3
GLESATINIB,3
GNE-317,3
GNE-3511,3
GNE-495,3
GNE-9605,3
GNF-6231,3
GNF-7,3
GOLVATINIB (E7050),3
GRANISETRON HYDROCHLORIDE,3
GSK-J2,3
GSK1059615,3
GSK2795039,3
GSK9311,3
GW2580,3
GW5074,3
GZD824,3
HESPERIDIN,3
HISTAMINE 2HCL,3
HYODEOXYCHOLIC ACID (HDCA),3
IBUPROFEN,3
ICOTINIB HYDROCHLORIDE,3
IDASANUTLIN,3
IGURATIMOD,3
IMEGLIMIN,3
INCYCLINIDE,3
INDINAVIR SULFATE,3
INDIPLON,3
IPI-549,3
IPRATROPIUM BROMIDE HYDRATE,3
ISOPRENALINE HCL,3
ITACITINIB,3
IVOSIDENIB,3
JNJ-42041935,3
JNJ-42165279,3
JPH203,3
JX-401,3
KDM5-C70,3
KPT-330,3
KPT-9274,3
KRCA-0008,3
LACTOBIONIC ACID,3
LAETRILE,3
LAQ824 (DACINOSTAT),3
LDN-212854,3
LDN-214117,3
LEMBOREXANT,3
LEVOSULPIRIDE,3
LIAROZOLE,3
LINCOMYCIN HCL,3
LIRANAFTATE,3
LITRONESIB,3
LLY-507,3
LOMEFLOXACIN HCL,3
LOPERAMIDE HCL,3
LORLATINIB,3
LOSMAPIMOD,3
LTX-315,3
LUCANTHONE,3
LUCITANIB,3
LURBINECTEDIN,3
LY2228820,3
LY2608204,3
LY2886721,3
LY404039,3
M2698,3
MANASSANTIN A,3
MARIMASTAT,3
MASLINIC ACID,3
MAVACAMTEN,3
MECLIZINE 2HCL,3
MEMANTINE HCL,3
MERESTINIB,3
MEROPENEM,3
METHYLSTAT,3
MI-503,3
MI-538,3
MIANSERIN,3
MILADEMETAN,3
MIR96-IN-1,3
MIRANSERTIB,3
MITAPIVAT,3
MITIGLINIDE CALCIUM,3
MIZOLASTINE,3
MK-0557,3
MK-0812,3
MK-1064,3
MK-4101,3
MK-8033,3
MKC-1,3
ML226,3
ML264,3
ML323,3
MOLIDUSTAT,3
MOROXYDINE,3
MOTOLIMOD,3
MPI-0479605,3
MPS1-IN-1,3
MRT-83,3
MSC2530818,3
MT-DADME-IMMA,3
MUBRITINIB (TAK 165),3
NAFAMOSTAT MESYLATE,3
NALTREXONE HCL,3
NAMPT-IN-1,3
NAPABUCASIN,3
NAPROXEN,3
NAQUOTINIB MESYLATE,3
NARATRIPTAN,3
NASTORAZEPIDE,3
NAVOXIMOD,3
NBI-74330,3
NCGC00344999-01,3
NELFINAVIR,3
NETARSUDIL,3
NIMORAZOLE,3
NIROGACESTAT,3
NITROXOLINE,3
NMS-859,3
NMS-P118,3
NPS-1034,3
NSC 319726,3
NVP-LCQ195,3
NVS-CECR2-1,3
NVS-PAK1-1,3
OBATOCLAX MESYLATE (GX15-070),3
OGLUFANIDE,3
OICR-9429,3
OLMUTINIB,3
OLOPATADINE HCL,3
OLTIPRAZ,3
OMAVELOXOLONE,3
ONDANSETRON,3
ONO-4059 ANALOG,3
OSPEMIFENE,3
OSTHOLE,3
OTENABANT,3
OTS-514,3
OXA-01,3
OXACILLIN SODIUM SALT,3
OXYBUTYNIN CHLORIDE,3
OZAGREL HCL,3
OZANIMOD,3
P21D HYDROCHLORIDE,3
PACRITINIB (SB1518),3
PAEONIFLORIN,3
PATUPILONE,3
PD168393,3
PELITINIB (EKB-569),3
PF-05212384 (PKI-587),3
PHENFORMIN HCL,3
PHENOXYBENZAMINE HCL,3
PHENTOLAMINE MESYLATE,3
PHENYLEPHRINE HCL,3
PIOGLITAZONE HCL,3
PLURISIN #1 (NSC 14613),3
PRACINOSTAT (SB939),3
PRAMIRACETAM,3
PRANLUKAST,3
PROPAFENONE HCL,3
PURFALCAMINE,3
RESISTOMYCIN,3
RHEOCHRYSIDIN,3
RIBITOL,3
RITODRINE HCL,3
RIVAROXABAN,3
RIVASTIGMINE TARTRATE,3
RIZATRIPTAN BENZOATE,3
SARAFLOXACIN HCL,3
SB216763,3
SB743921,3
SCLAREOLIDE,3
SEMAXANIB (SU5416),3
SERTRALINE HCL,3
SESAMIN,3
SGC 0946,3
SILIBININ,3
SILODOSIN,3
SKI II,3
SORBITOL,3
SULFADIAZINE,3
SULFISOXAZOLE,3
SUMATRIPTAN SUCCINATE,3
TACRINE HCL,3
TAXIFOLIN (DIHYDROQUERCETIN),3
STAVUDINE,3
SULFAPHENAZOLE,3
TETRAHYDROPAPAVERINE,3
TORSEMIDE,3
VENLAFAXINE,3
WIN-55212-2,3
XL147,3
ARTESANILIDE,3
BIFEMELANE,3
DESIPRAMINE HYDROCHLORIDE,3
DIARTEFANILIDE,3
FR-900098,3
HEXYLCAINE HYDROCHLORIDE,3
METHDILAZINE HYDROCHLORIDE,3
MIBEFRADIL DIHYDROCHLORIDE,3
NISOXETINE,3
NITD609-WRONG ENANTIOMER,3
R(-)-ME5,3
TAVABOROLE / AN2690,3
TOCAINIDE HYDROCHLORIDE,3
TRICLOCARBAN,3
TRICLOSAN,3
VER-3323 HEMIFUMARATE SALT,3
PARECOXIB SODIUM,3
PCI-27483,3
PEFICITINIB,3
PEMAFIBRATE,3
PEXIDARTINIB,3
PEXMETINIB,3
PF-04418948,3
PF-04457845,3
PF-04620110,3
PF-04979064,3
PF-06250112,3
PF-06273340,3
PF-06282999,3
PF-06447475,3
PF-06650833,3
PF-06651600,3
PF-3644022,3
PF-4800567,3
PF-4989216,3
PF-CBP1,3
PFI-3,3
PFI-4,3
PFK-158,3
PI-3065,3
PILARALISIB,3
PIPEQUALINE,3
PKI-166,3
PORFIROMYCIN,3
POZIOTINIB,3
PRADIGASTAT,3
PRALNACASAN,3
PRELADENANT,3
PREXASERTIB,3
PRINABEREL,3
PROGLUMIDE,3
PT-2385,3
PYRIDOSTATIN,3
PYRONARIDINE TETRAPHOSPHATE,3
R-268712,3
RAVOXERTINIB,3
RELUGOLIX,3
REPARIXIN,3
RESATORVID,3
RESIQUIMOD,3
RETASPIMYCIN HYDROCHLORIDE,3
RGB-286638,3
RIOCIGUAT,3
RIPASUDIL,3
RO8994,3
ROLAPITANT,3
RONICICLIB,3
ROTTLERIN,3
RRX-001,3
RSL3,3
SAR-260301,3
SAVOLITINIB,3
SELETALISIB,3
SELONSERTIB,3
SERABELISIB,3
SEVITERONEL,3
SGI-7079,3
SITRAVATINIB,3
SJG-136,3
SOLCITINIB,3
SP-2509,3
SR-3029,3
STAUROSPORINE,3
STK16-IN-1,3
SUFUGOLIX,3
SULFATINIB,3
TAK-441,3
TAK-593,3
TAK-659,3
TAK-960,3
TAS-116,3
TASQUINIMOD,3
TENALISIB,3
TENATOPRAZOLE,3
TESEVATINIB,3
TETRACYCLINE HCL,3
TG003,3
THZ531,3
TIAGABINE HYDROCHLORIDE,3
TIBOLONE,3
TICLOPIDINE HCL,3
TIPIRACIL,3
TIRAPAZAMINE,3
TIZANIDINE HCL,3
TM-5275,3
TOCERANIB,3
TOLIMIDONE,3
TOLRESTAT,3
TP-0903,3
TP-3654,3
TPX-0005,3
TRABECTEDIN,3
TRIAPINE,3
TRICHOSTATIN A (TSA),3
TRIFLUOPERAZINE 2HCL,3
TRIPTONIDE,3
TUSSILAGONE,3
UK-371804,3
ULIXERTINIB,3
UMBRALISIB,3
UNBS-5162,3
UNC1999,3
VADADUSTAT,3
VALRUBICIN,3
VBY-825,3
VE-822,3
VERDINEXOR,3
VESNARINONE,3
VLX-600,3
VORTIOXETINE (LU AA21004) HBR,3
VORUCICLIB,3
VOXTALISIB,3
VS-5584,3
VU0661013,3
VX-984,3
WAY-262611,3
WEHI-345,3
WEHI-539,3
WIKI4,3
WP1066,3
WT-161,3
WZ4003,3
XANTHATIN,3
XL-228,3
XL-888,3
XL019,3
XL388,3
XL888,3
XMD17-109,3
XMD8-87,3
XMU-MP-1,3
XYLOMETAZOLINE HCL,3
YKL-05-099,3
YM155 (SEPANTRONIUM BROMIDE),3
TROPISETRON,3
WORTMANNIN,3
ZANAMIVIR,3
(+)-BLEBBISTATIN,2
(-)-CHLORPHENIRAMINE,2
"(13S)-3-HYDROXY-13-METHYL-7,8,9,11,12,14,15,16-OCTAHYDRO-6H-CYCLOPENTA[A]PHENANTHREN-17-ONE",2
"(2R,3R,4S,5R,6S)-2-(HYDROXYMETHYL)-6-(4-HYDROXYPHENOXY)OXANE-3,4,5-TRIOL",2
"(2Z,4E,6E,8E)-N-(4-HYDROXYPHENYL)-3,7-DIMETHYL-9-(2,6,6-TRIMETHYL-1-CYCLOHEXENYL)NONA-2,4,6,8-TETRAENAMIDE",2
"(3ALPHA,5BETA,7ALPHA)-3,7-DIHYDROXYCHOLAN-24-OIC ACID",2
"(3S,4R)-TOFACITINIB",2
"(6R)-5,10-METHYLENETETRAHYDROFOLATE",2
"(8R,9S,10R,13S,14R,17R)-17-HYDROXY-10,13-DIMETHYL-1,2,6,7,8,9,11,12,14,15,16,17-DODECAHYDROCYCLOPENTA[A]PHENANTHREN-3-ONE",2
(E)-1-(4-((6-AMINO-5-((METHOXYIMINO)METHYL)PYRIMIDIN-4-YL)OXY)-2-CHLOROPHENYL)-3-ETHYLUREA,2
(E)-N-METHYL-2-((3-(2-(PYRIDIN-2-YL)VINYL)-1H-INDAZOL-6-YL)THIO)BENZAMIDE,2
(R)-(-)-ROLIPRAM,2
(R)-BICALUTAMIDE,2
(R)-ETODOLAC,2
(R)-PFI-2,2
(S)-(+)-NIGULDIPINE,2
(±)-TAXIFOLIN,2
"1-(2,4-DIHYDROXYPHENYL)-3-(4-HYDROXYPHENYL)PROP-2-EN-1-ONE",2
1-BETA-D-XYLOFURANOSYLURACIL,2
1-[2-FLUORO-5-(TRIFLUOROMETHYL)PHENYL]-3-[4-METHYL-3-[[(3Z)-2-OXO-3-(1H-PYRROL-2-YLMETHYLIDENE)-1H-INDOL-6-YL]AMINO]PHENYL]UREA,2
10-DEACETYLBACCATIN III,2
1022958-60-6,2
1037624-75-1,2
1044870-39-4,2
1056901-62-2,2
1061318-81-7,2
108341-18-0,2
108740-89-2,2
1093403-33-8,2
11-CIS RETINOIC ACID,2
1101810-02-9,2
110448-33-4,2
112648-68-7,2
1134156-31-2,2
1169562-71-3,2
1197996-80-7,2
121268-17-5,2
1218942-37-0,2
1233948-35-0,2
1239610-44-6,2
1265229-25-1,2
1293395-67-1,2
1301214-47-0,2
1320288-19-4,2
13292-46-1,2
134036-52-5,2
1352608-82-2,2
1357171-62-0,2
1359164-11-6,2
1370256-78-2,2
1421227-52-2,2
1439901-97-9,2
1440754-12-0,2
145-13-1,2
145158-71-0,2
145986-26-1,2
15(S)-FLUPROSTENOL ISOPROPYL ESTER,2
155148-31-5,2
155206-00-1,2
1554458-53-5,2
1616392-22-3,2
1627696-51-8,2
17-HYDROXYPREGN-4-EN-20-YN-3-ONE,2
17-METHYLTESTOSTERONE,2
170151-24-3,2
171927-40-5,2
177530-93-7,2
183321-86-0,2
1844849-11-1,2
1869912-40-2,2
198474-05-4,2
1BETA-METHYLIMIPENEM,2
2'-3'-DIDEOXYINOSINE,2
2-CL-IB-MECA,2
2-PHENYLCYCLOPROPANAMINE,2
"2-PROPENOIC ACID, 3-[4-(1H-IMIDAZOL-1-YLMETHYL)PHENYL]-, (Z)-",2
2-PROPYLPENTANOATE,2
"2-[(5Z)-5-[(2Z)-2-METHYL-3-PHENYLPROP-2-EN-1-YLIDENE]-4-OXO-2-SULFANYLIDENE-1,3-THIAZOLIDIN-3-YL]ACETIC ACID",2
2-[4-[3-[(4-OXIDANYLIDENE-3~{H}-PHTHALAZIN-1-YL)METHYL]PHENYL]CARBONYLPIPERAZIN-1-YL]PYRIDINE-3-CARBONITRILE,2
201943-63-7,2
202590-98-5,2
204133-10-8,2
217645-70-0,2
220619-73-8,2
252916-29-3,2
27726-35-8,2
289483-69-8,2
29883-15-6,2
"3-(3,4-DIHYDROXYPHENYL)PROP-2-ENOIC ACID",2
3-BDO,2
300842-64-2,2
302-53-4,2
308246-52-8,2
319460-94-1,2
32222-06-3,2
342641-94-5,2
34933-06-7,2
357263-14-0,2
372196-67-3,2
38609-97-1,2
39711-79-0,2
3BDO,2
"4,4-DIFLUORO-N-[(1S)-3-[3-(3-ISOPROPYL-5-METHYL-1,2,4-TRIAZOL-4-YL)-8-AZABICYCLO[3.2.1]OCTAN-8-YL]-1-PHENYL-PROPYL]CYCLOHEXANECARBOXAMIDE",2
4-HYDROXYANDROSTENEDIONE,2
445430-58-0,2
476159-98-5,2
477775-14-7,2
483-60-3,2
494772-86-0,2
494772-87-1,2
4\'-EPIADRIAMYCIN,2
4\\/4\\/7218,2
5-(((5-CHLORO-2-METHYLPYRIDIN-3-YL)AMINO)METHYL)-N-(3-CYCLOPENTYL-1-(CYCLOPROPYLAMINO)-1-OXOPROPAN-2-YL)THIOPHENE-2-CARBOXAMIDE,2
5-7-DIHYDROXYFLAVONE,2
"5-[2-(4-HYDROXYPHENYL)VINYL]BENZENE-1,3-DIOL",2
509088-69-1,2
54-62-6,2
57-22-7,2
5852-78-8,2
"6-(3-CHLOROPHENYL)PTERIDINE-2,4,7-TRIAMINE",2
600734-06-3,2
62004-35-7,2
649756-01-4,2
664969-54-4,2
685898-44-6,2
7553-53-9,2
79558-09-1,2
821794-92-7,2
827031-83-4,2
83-88-5,2
849675-66-7,2
852918-02-6,2
85375-15-1,2
858668-07-2,2
859853-30-8,2
865231-46-5,2
867331-82-6,2
876310-02-0,2
882531-87-5,2
885060-08-2,2
887650-05-7,2
89565-68-4,2
89778-26-7,2
9-CIS ACITRETIN,2
900515-16-4,2
901245-65-6,2
905579-51-3,2
911417-87-3,2
913064-47-8,2
928344-12-1,2
938444-93-0,2
939981-37-0,2
942487-16-3,2
944341-54-2,2
946128-88-7,2
950912-80-8,2
96036-03-2,2
A 419259,2
A 804598,2
A-419259,2
ABAMETAPIR,2
AC1L1EUK,2
AC1L1IJY,2
AC1L21NN,2
AC1L34YQ,2
AC1L9B2S,2
AC1L9B3J,2
AC1LAKOZ,2
AC1LIMNP,2
AC1M4BZH,2
AC1MDWZ9,2
AC1NRBJE,2
AC1O41R4,2
AC1O53DL,2
AC1O7GND,2
AC1OF33F,2
AC1OF340,2
AC1OFCD4,2
AC1OFCEP,2
AC1OFCJY,2
AC1Q29DP,2
ACC-789,2
ACPA,2
ACT 078,2
ADONITOL,2
AFURESERTIB,2
AFURESERTIB (GSK2110183),2
AGN-194204,2
AGN-PC-0MU5N5,2
AK174336,2
AK176003,2
AL 8697,2
AL-8697,2
ALDOXORUBICIN HYDROCHLORID,2
ALENDRONATE,2
ALENDRONATE (FOSAMAX),2
ALFUZOSIN,2
ALFUZOSIN HYDROCHLORIDE,2
ALOIN,2
ALOIN B,2
ALPELISIB(BYL-719),2
ALVELESTAT,2
AM-5992,2
AMD 3465,2
AMD-3465,2
AMG 232,2
AMG 548,2
AMG 925,2
AMG-232,2
AMG-319,2
AMG-511,2
AMG-548,2
AMG-837,2
AMG-925 (FLX925),2
AMG319,2
AMINOGUANIDINE HEMISULFATE,2
AMIODARONE,2
AMPANEL,2
AMPK ACTIVATOR,2
ANSAMITOCIN P-3,2
ANTITUMOR COMPOUND 1,2
AP-26113,2
AP-761,2
AQX-MN-100,2
ARA-FURAN-A,2
ARACHIDONYLCYCLOPROPYLAMIDE,2
ARQ 621,2
ARQ-621,2
ARRY-520,2
AS-1940477,2
AST 487,2
AT-13148,2
ATAZANAVIR,2
AVADOMIDE,2
AVN944,2
AZ-191,2
AZ-82,2
AZ-9482,2
AZ82,2
AZALOMYCIN-B,2
AZASETRON,2
AZD-0156,2
AZD-1208,2
AZD-2461,2
AZD-2858,2
AZD-3147,2
AZD-3264,2
AZD-3463,2
AZD-3514,2
AZD-3759,2
AZD-5153 6-HYDROXY-2-NAPHTHOIC ACID,2
AZD-6738,2
AZD-8186,2
AZD-8797,2
AZD-9496 MALEATE,2
AZD0156,2
AZD1152,2
AZD1208,2
AZD3264,2
AZD3759,2
AZD6738,2
AZD8186,2
AZD8797,2
AZD9496 (MALEATE),2
AZD9668,2
AZELASTINE,2
AZELASTINE HYDROCHLORIDE,2
AZIXA,2
B I09,2
BACITRACIN ZINC,2
BALSALAZIDE,2
BAY 41-2272,2
BAY-1125976,2
BAY-1161909,2
BAY-1217389,2
BAY-356,2
BAY-41-2272,2
BAY-65-1942 HYDROCHLORIDE,2
BAY1125976,2
BCL6 INHIBITOR,2
BCP20778,2
BEMCENTINIB,2
BENTAMAPIMOD,2
"BENZOIC ACID, 2-[[3-(3,4-DIMETHOXYPHENYL)-1-OXO-2-PROPENYL]AMINO]-",2
BENZYL N-{3-METHYL-1-[(1-OXOHEXAN-2-YL)CARBAMOYL]BUTYL}CARBAMATE,2
BERZOSERTIB,2
BET-BAY 002,2
BETANIN,2
BETAXOLOL HYDROCHLORIDE,2
BETHANECHOL,2
BFH-772,2
BFH772,2
BI-671800,2
BI09,2
BIAPENEM,2
BIRABRESIB,2
BIS(2-METHOXYETHYL) PHTHALATE,2
BISINDOLYLMALEIMIDE,2
BISINDOLYLMALEIMIDE I,2
BIX 02565,2
BIX-02565,2
BLEBBISTATIN,2
BLU-9931,2
BLU9931,2
BLZ-945,2
BLZ945,2
BMN-673,2
BMS-202,2
BMS-4,2
BMS-595,2
BMS-599626,2
BMS-690514,2
BMS-806 (BMS 378806),2
BQU-57,2
BQU57,2
BRACKEN FERN TOXIC COMPONENT,2
BRINDERDIN,2
BRINTELLIX,2
BRIVUDINE,2
BRL15572,2
BROMHEXINE,2
BUFLOMEDIL,2
BUTOCONAZOLE,2
BX-471,2
C-646,2
C-MYC INHIBITOR,2
C10H10O4,2
C646,2
CA-074ME,2
CAA0225,2
CAFFEINE CITRATE,2
CALCITRIOL (RO-21-5535),2
CALMIDAZOLIUM,2
CANADINE,2
CAPECITABINE (XELODA),2
CBL-0137,2
CC-122,2
CCT-244747,2
CCT-251545,2
CCT-251921,2
CCT241533,2
CCT251545,2
CCT251921,2
CDK8I-51,2
CEFOPERAZONE (SODIUM SALT),2
CEFTIOFUR,2
CEFTIOFUR HYDROCHLORIDE,2
CELSENTRI (MARAVIROC),2
CEP-37440,2
CEP28122,2
CETIRIZINE,2
CETIRIZINE HYDROCHLORIDE,2
CGM-097,2
CGP-74588 (N-DESMETHYL IMATINIB),2
CGS 21680,2
CH-5183284,2
CHEBI:47495,2
CHEBI:63449,2
CHEBI:93770,2
CHEBI:94798,2
CHEBI:95054,2
CHEMBL1270810,2
CHEMBL1364159,2
CHEMBL1394734,2
CHEMBL1408258,2
CHEMBL1625478,2
CHEMBL1643208,2
CHEMBL1706473,2
CHEMBL1878119,2
CHEMBL2070615,2
CHEMBL2107334,2
CHEMBL2132150,2
CHEMBL2132584,2
CHEMBL2134016,2
CHEMBL2134640,2
CHEMBL2137189,2
CHEMBL2138352,2
CHEMBL2142770,2
CHEMBL2170099,2
CHEMBL2325079,2
CHEMBL2337032,2
CHEMBL244464,2
CHEMBL258622,2
CHEMBL3103000,2
CHEMBL3103040,2
CHEMBL3114578,2
CHEMBL3128069,2
CHEMBL317493,2
CHEMBL3182364,2
CHEMBL3183090,2
CHEMBL3183463,2
CHEMBL3183697,2
CHEMBL3184303,2
CHEMBL3184387,2
CHEMBL3184424,2
CHEMBL3184655,2
CHEMBL3186716,2
CHEMBL3186846,2
CHEMBL3188521,2
CHEMBL3188552,2
CHEMBL3188572,2
CHEMBL3188661,2
CHEMBL3348824,2
CHEMBL3348838,2
CHEMBL3348841,2
CHEMBL3348843,2
CHEMBL3348847,2
CHEMBL3348848,2
CHEMBL3348849,2
CHEMBL3348853,2
CHEMBL3348858,2
CHEMBL3348860,2
CHEMBL3348869,2
CHEMBL3348871,2
CHEMBL3348872,2
CHEMBL3348874,2
CHEMBL3348877,2
CHEMBL3348879,2
CHEMBL3348881,2
CHEMBL3348884,2
CHEMBL3348888,2
CHEMBL3348891,2
CHEMBL3348892,2
CHEMBL3348895,2
CHEMBL3348899,2
CHEMBL3348900,2
CHEMBL3348905,2
CHEMBL3348910,2
CHEMBL3348914,2
CHEMBL3348916,2
CHEMBL3348918,2
CHEMBL3348919,2
CHEMBL3348922,2
CHEMBL3348924,2
CHEMBL3348925,2
CHEMBL3348926,2
CHEMBL3348927,2
CHEMBL3348928,2
CHEMBL3348929,2
CHEMBL3348930,2
CHEMBL3348934,2
CHEMBL3348935,2
CHEMBL3348942,2
CHEMBL3348944,2
CHEMBL3348946,2
CHEMBL3348948,2
CHEMBL3348949,2
CHEMBL3348952,2
CHEMBL3348953,2
CHEMBL3348955,2
CHEMBL3348961,2
CHEMBL3348967,2
CHEMBL3348973,2
CHEMBL3348974,2
CHEMBL3348980,2
CHEMBL3348982,2
CHEMBL3348987,2
CHEMBL3348988,2
CHEMBL3348989,2
CHEMBL3348995,2
CHEMBL3348997,2
CHEMBL3392636,2
CHEMBL3393439,2
CHEMBL3417706,2
CHEMBL359618,2
CHEMBL3814532,2
CHEMBL387477,2
CHEMBL3972653,2
CHEMBL416657,2
CHEMBL481512,2
CHEMBL492193,2
CHEMBL494027,2
CHEMBL502156,2
CHIR-98023,2
CHLORHEXIDINE BASE,2
CHLORPHENAMINE MALEATE,2
CI-966,2
CILIOBREVIN D,2
CILLIOBREVIN D,2
CINCHONINE,2
CIS-DIETHYL STILBESTROL,2
CITALOPRAM HYDROBROMIDE,2
CL-F-ARAA,2
CLINDAMYCIN HYDROCHLORIDE,2
CLOMIPHENE,2
CLOMIPRAMINE,2
COMPB,2
COMPOUND 2,2
COMPOUND 22D,2
COMPOUND 36,2
CP-346086,2
CP-456773,2
CPI-703,2
CRIDANIMOD,2
CROMOGLYCATE,2
CROMOLYN SODIUM,2
CROTAGLIN,2
CTK8E8456,2
CTK8F0346,2
CUBICIN,2
CUDC-305,2
"CURCUMIN, CURCUMA LONGA L.",2
CXC-195,2
CYCLOBENZAPRINE,2
CYCLOVIROBUXIN D,2
CYCLOVIROBUXINE,2
CYMEVAL,2
CYPROHEPTADINE,2
D-106669,2
D-942,2
DACTINOMYCIN,2
DAPOXETINE,2
DAPOXETINE HYDROCHLORIDE,2
DAROLUTAMIDE,2
DAROLUTAMIDE (ODM-201),2
DB-07268,2
DB07268,2
DCC-2618,2
DELTARASIN,2
DEXTROMETHORPHAN HYDROBROMIDE,2
"DIBENZ[B,E]OXEPIN-2-ACETICACID, 11-[3-(DIMETHYLAMINO)PROPYLIDENE]-6,11-DIHYDRO-, (11Z)-",2
DIMEBOLIN,2
DIMETHYL BUT-2-ENEDIOATE,2
DISUFENTON SODIUM,2
DMH2,2
DOLUTEGRAVIR,2
DORZOLAMIDE,2
DOUBLE JS-K,2
DOXAZOSIN,2
DSSTOX_CID_28582,2
DSSTOX_CID_31408,2
DU-21220,2
DULOXETINE,2
DULOXETINE HYDROCHLORIDE,2
DUVELISIB,2
E-7449,2
E-7820,2
E7449,2
ECDYSTERONE,2
ECONAZOLE,2
EDO-S101,2
EFATUTAZONE,2
ELN-441958,2
ELR-510444,2
ELTANEXOR,2
EMD-534085,2
EMD-638683,2
EMD638683,2
EMPESERTIB,2
EMPM,2
ENDOXIFEN E-ISOMER,2
ENSARTINIB,2
ENT-LAMIVUDINE,2
ENTECAVIR IMPURITY A,2
EOS-200271,2
EPIBLASTIN A,2
EPZ-015866,2
EPZ-020411,2
EPZ-031686,2
EPZ-5676,2
EPZ015866,2
EPZ020411,2
ERK 11E,2
ESOMEPRAZOLE MAGNESIUM,2
ESTRAGUARD,2
ESTRAMUSTINE PHOSPHATE SODIUM,2
"ETHYL 4-(5-ACRYLAMIDO-2-FLUOROPHENYL)-7H-PYRROLO[2,3-D]PYRIMIDINE-5-CARBOXYLATE",2
EVOFOSFAMIDE,2
FASUDIL,2
FAZARABINE,2
FENEBRUTINIB,2
FESOTERODINE,2
FGF401,2
FLECAINIDE,2
FLUDARABINE,2
FLUOROCYCLOPENTENYLCYTOSINE,2
FLUPHENAZINE,2
FLUPHENAZINE DIHYDROCHLORIDE,2
FLUPIRTINE,2
FMAU,2
FRAMYCETIN SULFATE,2
FRAX-1036,2
FRAX-486,2
FRAX-597,2
FRAX1036,2
FRAX486,2
FRAX597,2
FUMALIC ACID,2
FX-9847,2
G-007-LK,2
G-STROPHANTHIN,2
G007-LK,2
GABEXATE,2
GALANTAMINE HYDROBROMIDE,2
GBR 12935,2
GBR-12935,2
GEMCITABINE HYDROCHLORIDE,2
GENISTIN,2
GENTAMYCIN SULFATE,2
GENTIAN VIOLET CATION,2
GKT-137831,2
GLPG-0187,2
GLPG-0974,2
GLPG0974,2
GOLVATINIB,2
GRANISETRON,2
GRANISETRON (AB-1001),2
GS-9620,2
GS-9901,2
GSK 2250665A,2
GSK-2194069,2
GSK-2250665A,2
GSK-2256294A,2
GSK-2578215A,2
GSK-2606414,2
GSK-2656157,2
GSK-2801,2
GSK-2830371,2
GSK-2837808A,2
GSK-2879552,2
GSK-2981278,2
GSK-2982772,2
GSK-3326595,2
GSK-343,2
GSK-481,2
GSK-484,2
GSK-503,2
GSK-583,2
GSK-5959,2
GSK-682753A,2
GSK-6853,2
GSK-864,2
GSK-872,2
GSK-963,2
GSK1324726A,2
GSK1324726A (I-BET726),2
GSK2141795,2
GSK2194069,2
GSK2256294A,2
GSK2334470,2
GSK2578215A,2
GSK2606414,2
GSK2656157,2
GSK2801,2
GSK2837808A,2
GSK2879552,2
GSK2981278,2
GSK2982772,2
GSK343,2
GSK481,2
GSK484,2
GSK503,2
GSK583,2
GSK682753A,2
GSK6853,2
GSK864,2
GSK872,2
GSK963 RACEMATE,2
GTPL6731,2
GW 6471,2
GW-1929,2
GW-2580,2
GW-768505A,2
GW1929,2
GW305074X,2
GW768505A,2
GYKI-52466,2
GZD-824,2
H-D-CYS(TRT)-OH,2
HA-130,2
HA130,2
HAPA-GENTAMYCIN B,2
HG-6-64-1,2
HG6-64-1,2
HISTAMINE,2
HM-30181,2
HMSL10015,2
HMSL10016,2
HMSL10019,2
HMSL10076,2
HMSL10084,2
HMSL10089,2
HSP-990,2
HSP990,2
HUPERIZINE A,2
HUPERZINE A,2
IBANDRONATE SODIUM MONOHYDRATE,2
IBUTAMOREN MESYLATE,2
IFOSFAMIDE-D4,2
ILK-IN-2,2
ILOMASTAT (GM6001- GALARDIN),2
IMIPENEM,2
INCB8761 (PF-4136309),2
INDIMITECAN HYDROCHLORIDE,2
INDIMITECAN HYDROCHLORIDE (LMP-776),2
INDISULAM,2
INDISULAM (E7070),2
INDOTECAN HYDROCHLORIDE,2
INDOTECAN HYDROCHLORIDE (LMP-400),2
INGENOL 3-ANGELATE,2
INOLITAZONE,2
IOX-1,2
IRBINITINIB,2
IROSUSTAT,2
IROSUSTAT (STX-64),2
ISEPAMICIN,2
ISEPAMICIN SULFATE,2
JAK3I,2
JNJ-28871063 HYDROCHLORIDE,2
JS-59-4,2
JS-65-103,2
JS-K,2
K6PKX2PHVZ,2
KD-025,2
KGBPLKOPSFDBOX-UHFFFAOYSA-N,2
KI-696,2
KI696,2
KPT-8602,2
KS-00000Y5E,2
KS-00001CUZ,2
L-165041,2
L-778123,2
L-HYOSCYAMINE,2
LANABECESTAT,2
LATREPIRDINE HYDROCHLORIDE,2
LB-100,2
LCL-161,2
LCL161,2
LEVAMISOLE HYDROCHLORIDE,2
LEVOMYCIN,2
LF3,2
LGH-447,2
LINCOMYCIN HYDROCHLORIDE,2
LINOMIDE,2
LMP-744,2
LOMEFLOXACIN,2
LP 533401,2
LP-533401,2
LX-7101,2
LX7101,2
LXS-196,2
LXS196,2
LY 2365109 HYDROCHLORIDE,2
LY-2090314,2
LY-2334737,2
LY-2365109 HYDROCHLORIDE,2
LY-2409881,2
LY-2584702,2
LY-2857785,2
LY-3009120,2
LY-3023414,2
"LY-310,762",2
LY-3177833,2
LY-3214996,2
LY-3314814,2
LY-341495,2
LY2090314,2
LY2334737,2
LY2409881 TRIHYDROCHLORIDE,2
LY2584702,2
LY2857785,2
LY2874455,2
LY3009120,2
LY3023414,2
LY310762,2
LY3214996,2
M-024,2
M-475271,2
MARTINOSTAT,2
MATRINE,2
MAVELERTINIB,2
MCC950,2
MECLIZINE,2
MEGESTRYL ACETATE,2
METHSCOPOLAMINE (BROMIDE),2
METHYLENE BLUE CATION,2
METHYLTESTOSTERONE,2
MI-773 (SAR405838),2
MITIGLINIDE CALCIUM HYDRATE,2
MIVEBRESIB,2
MIVEBRESIB (ABBV-075),2
MK-8931,2
MK591,2
MKC-3946,2
MKC3946,2
ML-119,2
ML-228,2
ML-323,2
ML-327,2
ML-347,2
ML-364,2
ML-390,2
ML-7,2
ML327,2
ML347,2
ML364,2
ML390,2
MLN-7243,2
MLS-0090801.0001,2
MLS002702854,2
MMP INHIBITOR V,2
MODUFOLIN,2
MOLMAP_000049,2
MOLPORT-042-665-727,2
MOSAPRIDE,2
MPT-0B098,2
MRT 68601 HYDROCHLORIDE,2
MRT-67307,2
MRT-68601 HYDROCHLORIDE,2
MRT67307,2
MX-69,2
MX69,2
N-DESMETHYL IMATINIB,2
NAFAMOSTAT,2
NAMODENOSON,2
NARATRIPTAN HYDROCHLORIDE,2
NCB-1026,2
NCGC00014650-03,2
NCGC00014911-01,2
NCGC00015463-02,2
NCGC00016330-01,2
NCGC00016552-01,2
NCGC00016641-01,2
NCGC00016686-07,2
NCGC00016752-02,2
NCGC00016797-04,2
NCGC00017244-05,2
NCGC00017354-06,2
NCGC00017394-08,2
NCGC00021925-04,2
NCGC00025235-01,2
NCGC00090782-07,2
NCGC00090808-03,2
NCGC00091032-08,2
NCGC00091109-03,2
NCGC00095245-01,2
NCGC00142605-03,2
NCGC00142624-04,2
NCGC00160515-03,2
NCGC00160531-01,2
NCGC00162383-02,2
NCGC00162409-03,2
NCGC00163424-03,2
NCGC00163532-01,2
NCGC00163547-01,2
NCGC00164566-02,2
NCGC00165799-02,2
NCGC00167431-02,2
NCGC00167518-03,2
NCGC00167798-01,2
NCGC00178127-04,2
NCGC00178852-05,2
NCGC00179363-03,2
NCGC00181131-02,2
NCGC00183434-01,2
NCGC00183844-01,2
NCGC00185736-01,2
NCGC00186013-01,2
NCGC00249661,2
NCGC00262228,2
NCGC00262331,2
NCGC00262545-02,2
NCGC00263527-02,2
NCGC00271415-02,2
NCGC00344564-02,2
NCGC00344622-02,2
NCGC00344990-01,2
NCGC00345821-01,2
NCGC00346433-01,2
NCGC00346436-01,2
NCGC00346438-01,2
NCGC00346471-01,2
NCGC00346481-01,2
NCGC00346523-01,2
NCGC00346524-01,2
NCGC00346531-01,2
NCGC00346559-01,2
NCGC00346563-01,2
NCGC00346580-01,2
NCGC00346589-01,2
NCGC00346590-01,2
NCGC00346609-01,2
NCGC00346664-01,2
NCGC00346728-01,2
NCGC00346729-01,2
NCGC00346737-01,2
NCGC00346827-01,2
NCGC00346969-01,2
NCGC00347282-01,2
NCGC00347283-01,2
NCGC00372530,2
NCGC00378588,2
NCGC00386177-01,2
NCGC00408930,2
NCGC00481082-01,2
NCGC00505117,2
NCGC00505118,2
NCGC00510708,2
NEBIVOLOL HYDROCHLORIDE,2
NECROSTATIN 2,2
NECROSTATIN 2 S ENANTIOMER,2
NEMORUBICIN,2
NEOHESPERIDIN DIHYDROCHALCONE,2
NEOMYCIN SULFATE,2
NEOPROFEN,2
NEPICASTAT,2
NIBR-189,2
NIBR189,2
NITROFURAZONE,2
NMS-1286937,2
NMS-P937,2
NORBINALTORPHIMINE,2
NOREPINEPHRINE,2
NSC 242267,2
NSC-23925,2
NSC23925,2
NVP-CGM097,2
NVP-FGF-401,2
NVP-TNKS656,2
OCTYLONIUM BROMIDE,2
OLANZAPINE (LY-170053),2
OLEANOLIC ACID (CARYOPHYLLIN),2
OLPRINONE HYDROCHLORIDE,2
ON-01910,2
ON-123300,2
ON123300,2
ONO-4059 (GS-4059),2
ONO-4817,2
OPHTHALMADINE,2
ORPHENADRINE,2
ORPHENADRINE HYDROCHLORIDE,2
OSIMERTINIB,2
OSIMERTINIB MESYLATE,2
OSU-T315,2
OTILONIUM,2
OTS-167,2
OTS-964,2
OTS964,2
OTSSP167,2
OTX-008,2
OTX008,2
OUABAIN OCTAHYDRATE,2
OXYBUTYNIN,2
PACRITINIB,2
PAPAVERINE,2
PARIETIN,2
PAROXETINE,2
PERAMIVIR,2
PHENFORMIN,2
PHENOXYBENZAMINE,2
PHENTOLAMINE,2
PHENYLEPHRINE,2
PIMECROLIMUS,2
PLERIXAFOR,2
PNU-200577,2
PNU282987,2
POLY(2-FLUOROADENYLIC ACID),2
PRAMIRACETAM HYDROCHLORIDE,2
PRAVASTATIN,2
PROCATEROL,2
PROPAFENONE,2
PROVITAMIN A1,2
PSEUDOYOHIMBINE,2
RABEPRAZOLE SODIUM,2
RAC NEBIVOLOL HYDROCHLORIDE,2
RALIMETINIB,2
RETASPIMYCIN,2
RIGOSERTIB SODIUM(RANDOM CONFIGURATION),2
RISPERIDONE???,2
RIVAFURAZON,2
RIVAROXABAN (XARELTO),2
RIVASTIGMINE,2
RIZATRIPTAN,2
ISOCYCLOHEXIMIDE,2
NCGC00161622-03,2
NCGC00242502-01,2
SCHEMBL3489513,2
TOCRIS-1958,2
SAFINAMIDE,2
SALBUTAMOL,2
SARAFLOXACIN,2
SB-612111,2
SCHEMBL12175228,2
SCHEMBL13210325,2
SCHEMBL15622193,2
SCHEMBL16606206,2
SCHEMBL1946862,2
SCHEMBL20734874,2
SCHEMBL326516,2
SCHEMBL3954849,2
SCHEMBL3958507,2
SCHEMBL6874948,2
SELEGILINE,2
SKF 89976A,2
SR 1664,2
SR-01000075723,2
SULPIRIDE,2
SUMANIROLE,2
SUPLATAST,2
TERBINEX,2
TESMILIFENE,2
TICLOPIDINE,2
TIZANIDINE,2
TM30089,2
TRANS-PICEATANNOL,2
TRIETHYLGALLAMINE,2
TRIMETHYL GLYCINE,2
U0126,2
UNII-BXU45ZH6LI,2
"USNIC ACID, D-",2
VINDESINE SULFATE,2
WARFARIN,2
XYLOMETAZOLINE,2
YM 12617,2
ZINC100015731,2
ZINC101112865,2
ZINC103939005,2
ZINC11616261,2
ZINC11616871,2
ZINC117147304,2
ZINC139045355,2
ZINC208012538,2
ZINC208949883,2
ZINC208951860,2
ZINC22059945,2
ZINC28538988,2
ZINC38139483,2
ZINC3831133,2
ZINC3881972,2
ZINC43163828,2
ZINC44963243,2
ZINC896472,2
ZINC97975747,2
ZIPRASIDONE,2
"[8S-(4E,6Z,8R*,9R*,10E,12R*,13S*,14R*,16S*)]-9-[(AMINOCARBONYL)OXY]-13-HYDROXY-8,14,19-TRIMETHOXY-4,10,12,16-TETRAMETHYL-2-AZABICYCLO[16.3.1]DOCOSA-4,6,10,18,21-PENTAENE-3,20,22-TRIONE",2
"{2-[(2,6-DICHLOROPHENYL)AMINO]PHENYL}ACETATE",2
PARICALCITOL-D6,2
PBPO,2
PD 150606,2
PD 169316,2
PD 198306,2
PD-1\\/PD-L1 INHIBITOR 1,2
PD1-PDL1 INHIBITOR 2,2
PEVONEDISTAT,2
PF-4136309,2
PFI-2,2
PHENELZINE SULFATE,2
PIM447,2
PLX647,2
PLX7904,2
PLX8394,2
POMAGLUMETAD METHIONIL,2
PRAMIPEXOLE DIHYDROCHLORIDE,2
PRT062607,2
PU-WS13,2
QUIFLAPON SODIUM,2
QUINACRINE DIHYDROCHLORIDE DIHYDRATE,2
RAF709,2
RIFAPENTINA,2
RIPRETINIB,2
RIVICICLIB,2
RO4987655,2
RO9021,2
RUSKI-201 DIHYDROCHLORIDE,2
RX-3117,2
RX-5902,2
SAR020106,2
SAR131675 RACEMATE,2
SAR405,2
SAR405838,2
SARIDEGIB,2
SB1317,2
SCHEMBL12611449,2
SCHEMBL16177287,2
SCHEMBL17680458,2
SCHEMBL2263525,2
SCHEMBL652920,2
SENEXIN B,2
SF2523,2
SGC2085,2
SGC707,2
SHP099,2
SIMUROSERTIB,2
SIPONIMOD,2
SITAXSENTAN,2
SONOLISIB,2
SR9243,2
SRT3025,2
ST 2825,2
SU-14813,2
SU11274,2
SU5402,2
SUDAHWBOROXANE-UHFFFAOYSA-N,2
T-00127_HEV1,2
TA-02,2
TALAMPANEL,2
TALAROZOLE,2
TALAZOPARIB,2
TASELISIB,2
TD139,2
TEGASEROD,2
TH-302,2
THZ2,2
TMP195,2
TPOP146,2
U09Q76B8VK,2
UNC0224,2
UNC0646,2
UNC2025,2
UNC3866,2
UNC569,2
UNII-4HVE799MEJ,2
UNII-70N8WTD318,2
UNII-7E99B9ZM19,2
UNII-8JJC99KHGL,2
UNII-J2H993JF5Q,2
UNII-KXQ762CQTH,2
UNII-L10K286T2H,2
UNII-RF59KJ79DG,2
UNII-S098K6HGD9,2
UNII-V9GGV0YCDI,2
UPROSERTIB,2
VALGANCICLOVIR,2
VANCOMYCIN HCL,2
VERUBECESTAT,2
VICRIVIROC,2
VLX1570,2
VORELOXIN,2
VPS34 INHIBITOR 1,2
WNK463,2
X-396,2
XCT790,2
YM 511,2
YU238259,2
ZD7288 HYDRATE,2
ZM39923,2
ZOLEDRONIC ACID HYDRATE,2
ZUCLOMIPHENE,2
"{(3R,4R)-4-METHYL-3-[METHYL(7H-PYRROLO[2,3-D]PYRIMIDIN-4-YL)AMINO]PIPERIDIN-1-YL}(PYRROLIDIN-1-YL)METHANONE",2
PARICALCITOL-D6 (ABT-358),2
PATIDEGIB,2
PD-1/PD-L1 INHIBITOR 1,2
PD-150606,2
PD-168393,2
PD-169316,2
PD-198306,2
PF-04937319,2
PF-05175157,2
PF-06439015,2
PF-06454589,2
PF-06747775,2
PF-06821497,2
PF-4693627,2
PF-5006739,2
PF-670462,2
PF-956980,2
PHORTRESS (NSC-710305),2
PIMAGEDINE,2
PINORUBICIN,2
PLURISLN 1,2
PLX-647,2
PLX-7904,2
PLX-8394,2
PRP003-032,2
PRP003-062,2
PRP003-073,2
PRP01-012,2
PRT-062607,2
PTC-691,2
PU-WS-13,2
PX-478,2
PX-866,2
QUINACRINE,2
R-1530,2
R-ETODOLAC,2
RABEPRAZOLE,2
RAF-709,2
RALANITEN (EPI-001),2
RG-7845 (GDC-0853),2
RIVICICLIB (P276-00),2
RO-28-1675,2
RO-4987655,2
RO-5126766,2
RO-9021,2
ROCILETINIB,2
ROQUINIMEX,2
RUC-4,2
RUSKI-201,2
RVX-208,2
RX-5902 (SUPINOXIN),2
SAR-020106,2
SAR-131675,2
SAR-405,2
SB-1317,2
SCH-51344,2
SELINEXOR,2
SEMAXANIB,2
SENEXIN-B,2
SF-2523,2
SGC-2085,2
SGC-707,2
SHP-099,2
SITAXENTAN,2
SKI-II,2
SKLB4771,2
SPEBRUTINIB (AVL-292),2
SR-2211,2
SR-9243,2
SRT-2104,2
SRT-3025,2
ST-2825,2
STREPTOMYCIN (SULFATE),2
STROPHANTINE OCTAHYDRATE,2
SU-014813,2
T-00127-HEV1,2
TA02,2
TACEDINALINE,2
TAK-931,2
TALAROZOLE (R ENANTIOMER),2
TASELISIB (GDC-0032),2
TAZEMETOSTAT,2
TD-139,2
TELOTRISTAT ETIPRATE (LX 1606 HIPPURATE),2
TG-003,2
TG-100801,2
THZ-2,2
TINOSTAMUSTINE,2
TMP-195,2
TNKS-656,2
TORKINIB,2
TPOP-146,2
TUCATINIB,2
UNC-0224,2
UNC-0631,2
UNC-0646,2
UNC-1999,2
UNC-2025,2
UNC-3866,2
UNC-569,2
VACTOSERTIB,2
VESATOLIMOD,2
VLX-1570,2
VPS34 INHIBITOR 1 (COMPOUND 19- PIK-III ANALOGUE),2
VS-4718,2
VU-0364849,2
WDR5-C47,2
WNK-463,2
WZ-4003,2
XCT-790,2
XL 413 HYDROCHLORIDE,2
XL-019,2
XL-388,2
XL-784,2
XL647,2
XMD17-109 (ERK5-IN-1),2
YM-511,2
YU-238259,2
ZM-39923,2
PRIMAQUINE,2
SAFINAMIDE MESILATE,2
SCOPOLAMINE,2
SILVER SULFADIAZINE,2
SODIUM CLOXACILLIN,2
SOLANESOL,2
SPECTINOMYCIN HYDROCHLORIDE,2
SULFAFURAZOLE,2
TAMSULOSIN HYDROCHLORIDE,2
TCN-201,2
TERAZOSIN HYDROCHLORIDE,2
TERBINAFINE HYDROCHLORIDE,2
TESTOSTERONE PROPIONATE,2
TIOTROPIUM BROMIDE,2
TM-30089,2
TORASEMIDE,2
TRAVOPROST,2
TRAZODONE HYDROCHLORIDE,2
U-0126,2
VENLAFAXINE HYDROCHLORIDE,2
VINDESINE SULFATE SALT,2
VIRACEPT,2
VU0482089-2,2
VU0483486-1,2
VU0483487-1,2
VU0483488-1,2
XL-647,2
YK-72,2
ZILPATEROL,2
ZIPRASIDONE HYDROCHLORIDE,2
(+)-BICUCULLINE,1
(-)-EPIGALLOCATECHIN GALLATE,1
(-)-HUPERZINE A (HUPA),1
(-)-MK 801 MALEATE,1
1-HEXADECANOL,1
10-DEACETYLBACCATIN-III,1
17-DMAG (ALVESPIMYCIN) HCL,1
2-THIOURACIL,1
4-AMINOHIPPURIC ACID,1
4MU8C,1
5-HYDROXYTRYPTOPHAN (5-HTP),1
8-AZAGUANINE,1
A-205804,1
ABIRATERONE ACETATE,1
ACEBUTOLOL HCL,1
ACECLIDINE HCL,1
ACESULFAME POTASSIUM,1
ACETANILIDE,1
ACETARSONE,1
ACETYLCHOLINE CHLORIDE,1
ACLIDINIUM BROMIDE,1
ADENINE HCL,1
ADIPHENINE HCL,1
ADIPORON,1
ADL5859 HCL,1
ADRENALONE HCL,1
AG-18,1
ALFUZOSIN HCL,1
ALIZAPRIDE HCL,1
ALIZARIN,1
ALLYLTHIOUREA,1
ALMOTRIPTAN MALATE,1
ALOGLIPTIN,1
ALTRENOGEST,1
ALVERINE CITRATE,1
AM1241,1
AM251,1
AMBROXOL HCL,1
AMFENAC SODIUM MONOHYDRATE,1
AMG-517,1
AMIDOPYRINE,1
AMILORIDE HCL,1
AMINOTHIAZOLE,1
AMITRIPTYLINE HCL,1
AMLODIPINE,1
AMMONIUM GLYCYRRHIZINATE,1
AMOROLFINE HCL,1
AMOXICILLIN,1
AMPICILLIN SODIUM,1
AMPICILLIN TRIHYDRATE,1
AMPIROXICAM,1
AMPROLIUM HCL,1
ANAGRELIDE HCL,1
ANISOTROPINE METHYLBROMIDE,1
ANTAZOLINE HCL,1
ANTIPYRINE,1
APOCYNIN,1
APOPTOSIS ACTIVATOR 2,1
APREMILAST (CC-10004),1
ARBIDOL HCL,1
ARTICAINE HCL,1
AT101,1
ATOMOXETINE HCL,1
AUY922 (NVP-AUY922),1
AVANAFIL,1
AZ20,1
AZACYCLONOL,1
AZAPERONE,1
AZATADINE DIMALEATE,1
AZD1080,1
AZD1981,1
AZD2858,1
AZELASTINE HCL,1
AZILSARTAN,1
AZILSARTAN MEDOXOMIL,1
AZLOCILLIN SODIUM SALT,1
BACITRACIN,1
BAY 11-7082,1
BAZEDOXIFENE HCL,1
BECLOMETHASONE DIPROPIONATE,1
BEMEGRIDE,1
BENAZEPRIL HCL,1
BENDROFLUMETHIAZIDE,1
BENFOTIAMINE,1
BENIDIPINE HCL,1
BENZBROMARONE,1
BENZETHONIUM CHLORIDE,1
BENZOCAINE,1
BENZOIC ACID,1
BENZTROPINE MESYLATE,1
BENZYDAMINE HCL,1
BEPHENIUM HYDROXYNAPHTHOATE,1
BEPOTASTINE BESILATE,1
BERBERINE HCL,1
BERGAPTEN,1
BETAHISTINE 2HCL,1
BETAMIPRON,1
BEZAFIBRATE,1
BIFONAZOLE,1
BIOTIN (VITAMIN B7),1
BIPERIDEN HCL,1
BISACODYL,1
BISOPROLOL FUMARATE,1
BIX 01294,1
BIX 02188,1
BML-190,1
BMY 7378,1
BOSENTAN HYDRATE,1
BRIMONIDINE TARTRATE,1
BRINZOLAMIDE,1
BRIVANIB ALANINATE (BMS-582664),1
BRL-54443,1
BROMFENAC SODIUM,1
BROMPHENIRAMINE HYDROGEN MALEATE,1
BROXYQUINOLINE,1
BRUCINE,1
BS-181 HCL,1
BUPIVACAINE HCL,1
BUSPIRONE HCL,1
BUTEIN,1
BUTENAFINE HCL,1
CAFFEIC ACID PHENETHYL ESTER,1
CALCIFEDIOL,1
CALCIUM GLUCEPTATE,1
CAMOSTAT MESILATE,1
CANDESARTAN,1
CANDESARTAN CILEXETIL,1
CAPTOPRIL,1
CARBADOX,1
CARBAMAZEPINE,1
CARBAZOCHROME SODIUM SULFONATE (AC-17),1
CARBENICILLIN DISODIUM,1
CARBENOXOLONE SODIUM,1
CARBIMAZOLE,1
CARPROFEN,1
CASPOFUNGIN ACETATE,1
CATHARANTHINE,1
CATHEPSIN INHIBITOR 1,1
CCG 50014,1
CEFOPERAZONE,1
CEFTIOFUR HCL,1
CEPHARANTHINE,1
CETIRIZINE DIHCL,1
CETRIMONIUM BROMIDE (CTAB),1
CETYLPYRIDINIUM CHLORIDE,1
CFTRINH-172,1
CGK 733,1
CGS 21680 HCL,1
CHIR-99021 (CT99021) HCL,1
CHLOROCRESOL,1
CHLOROGENIC ACID,1
CHLORPHENIRAMINE MALEATE,1
CHLORPROMAZINE HCL,1
CHLORPROPAMIDE,1
CHLORPROTHIXENE,1
CHLORQUINALDOL,1
CHOLINE CHLORIDE,1
CHROMOCARB,1
CILAZAPRIL MONOHYDRATE,1
CILNIDIPINE,1
CIMETIDINE,1
CINCHOPHEN,1
CINEPAZIDE MALEATE,1
CINOXACIN,1
CIPROXIFAN,1
CLEVIDIPINE BUTYRATE,1
CLIMBAZOLE,1
CLOFAZIMINE,1
CLONIDINE HCL,1
CLORPRENALINE HCL,1
CLOSANTEL,1
CLOSANTEL SODIUM,1
COBICISTAT (GS-9350),1
CONIVAPTAN HCL,1
COUMARIN,1
CTEP (RO4956371),1
CYCLAMIC  ACID,1
CYCLANDELATE,1
CYCLIZINE 2HCL,1
CYCLOCYTIDINE HCL,1
CYCLOSPORINE,1
CYROMAZINE,1
CYSTEAMINE HCL,1
CZC24832,1
DABIGATRAN ETEXILATE,1
DACLATASVIR (BMS-790052),1
DANOPREVIR (ITMN-191),1
DAPIVIRINE (TMC120),1
DAPOXETINE HCL,1
DARIFENACIN HBR,1
DARUNAVIR ETHANOLATE,1
DECAMETHONIUM BROMIDE,1
DEOXYARBUTIN,1
DESLORATADINE,1
DESVENLAFAXINE,1
DESVENLAFAXINE SUCCINATE,1
DETOMIDINE HCL,1
DEXLANSOPRAZOLE,1
DEXTROSE,1
DIACEREIN,1
DIBENZOTHIOPHENE,1
DIBUCAINE HCL,1
DICLOFENAC DIETHYLAMINE,1
DICLOFENAC POTASSIUM,1
DICLOXACILLIN SODIUM,1
DICYCLOMINE HCL,1
DIFLOXACIN HCL,1
DIFLUPREDNATE,1
DIMAPRIT 2HCL,1
DIMESNA,1
DIMINAZENE ACETURATE,1
DIPERODON HCL,1
DIPHEMANIL METHYLSULFATE,1
DIPHENHYDRAMINE HCL,1
DIRITHROMYCIN,1
DIVALPROEX SODIUM,1
DL-CARNITINE HCL,1
DOMIPHEN BROMIDE,1
DORIPENEM HYDRATE,1
DOVITINIB (TKI-258) DILACTIC ACID,1
DOXAPRAM HCL,1
DOXORUBICIN (ADRIAMYCIN),1
DOXYCYCLINE HCL,1
DOXYCYCLINE HYCLATE,1
DOXYLAMINE SUCCINATE,1
DROPERIDOL,1
DROPROPIZINE,1
DULOXETINE HCL,1
DYCLONINE HCL,1
DYNASORE,1
E-64,1
EBASTINE,1
EDOXABAN,1
EFAPROXIRAL SODIUM,1
EHOP-016,1
ELAIOPHYLIN,1
ELETRIPTAN HBR,1
EMPAGLIFLOZIN (BI 10773),1
ENALAPRILAT DIHYDRATE,1
ENMD-2076,1
ENROFLOXACIN,1
ENTECAVIR HYDRATE,1
EPIANDROSTERONE,1
EPINASTINE HCL,1
EPINEPHRINE BITARTRATE,1
EPINEPHRINE HCL,1
EPOXOMICIN,1
EPRAZINONE 2HCL,1
EPZ004777 HCL,1
EQUOL,1
ERYTHRITOL,1
ESCITALOPRAM OXALATE,1
ESCULIN,1
ESMOLOL HCL,1
ESTRADIOL VALERATE,1
ETHACRIDINE LACTATE MONOHYDRATE,1
ETHAMBUTOL HCL,1
ETHAMSYLATE,1
ETHYNODIOL DIACETATE,1
ETOFIBRATE,1
ETP-46464,1
ETRAVIRINE (TMC125),1
EUK 134,1
EVEROLIMUS (RAD001),1
FAMPROFAZONE,1
FELODIPINE,1
FENOPROFEN CALCIUM,1
FENSPIRIDE HCL,1
FERROSTATIN-1 (FER-1),1
FERULIC ACID,1
FEXOFENADINE HCL,1
FIDAXOMICIN,1
FLAVOXATE HCL,1
FLOPROPIONE,1
FLORFENICOL,1
FLUFENAMIC ACID,1
FLUMEQUINE,1
FLUMETHASONE,1
FLUNARIZINE 2HCL,1
FLUNIXIN MEGLUMIN,1
FLUOROMETHOLONE ACETATE,1
FLUOXETINE HCL,1
FLUVASTATIN SODIUM,1
FLUVOXAMINE MALEATE,1
FORMOTEROL HEMIFUMARATE,1
FORSKOLIN,1
FOSAPREPITANT DIMEGLUMINE SALT,1
FOSCARNET SODIUM,1
FURALTADONE HCL,1
GADODIAMIDE,1
GASTRODIN,1
GLAFENINE HCL,1
GLIQUIDONE,1
GLYBURIDE,1
GNF-PF-1145,1
GOLGICIDE A,1
GRAMINE,1
GRANISETRON HCL,1
GRISEOFULVIN,1
GSK J4 HCL,1
GUAIFENESIN,1
GUANABENZ ACETATE,1
GUANETHIDINE SULFATE,1
GUANIDINE HCL,1
GUANOSINE,1
GW3965 HCL,1
GW9662,1
GYNOSTEMMA EXTRACT,1
H 89 2HCL,1
HALCINONIDE,1
HALOBETASOL PROPIONATE,1
HC-030031,1
HOMATROPINE BROMIDE,1
HYDRALAZINE HCL,1
HYDROXYZINE 2HCL,1
HYOSCYAMINE,1
ICOTINIB,1
IEM 1754 DIHYDROBROMIDE,1
IFENPRODIL TARTRATE,1
IMATINIB MESYLATE,1
IMIDAPRIL HCL,1
IMIPRAMINE HCL,1
INDACATEROL MALEATE,1
INDOLE-3-CARBINOL,1
INOSINE,1
IOWH032,1
IPRATROPIUM BROMIDE,1
IRBESARTAN,1
IRINOTECAN HCL TRIHYDRATE,1
IRSOGLADINE,1
ISOSORBIDE,1
ISOVALERAMIDE,1
IU1,1
IWP-L6,1
IWR-1-ENDO,1
JIB-04,1
JNJ-1661010,1
JNJ-7777120,1
JSH-23,1
K02288,1
KETOTIFEN FUMARATE,1
KI16198,1
KPT-185,1
L-(+)-RHAMNOSE MONOHYDRATE,1
L-ASCORBYL 6-PALMITATE,1
L-CARNITINE,1
LAPATINIB (GW-572016) DITOSYLATE,1
LAPPACONITE HBR,1
LEVOBETAXOLOL HCL,1
LEVODROPROPIZINE,1
LIDOCAINE,1
LIOTHYRONINE SODIUM,1
LITHOCHOLIC ACID,1
LOMERIZINE HCL,1
LORCASERIN HCL,1
LOSARTAN POTASSIUM (DUP 753),1
LOXAPINE SUCCINATE,1
LULICONAZOLE,1
LUMIRACOXIB,1
LY2835219,1
LY364947,1
MAGNOLOL,1
MANIDIPINE 2HCL,1
MAPROTILINE HCL,1
MDIVI-1,1
MEDETOMIDINE HCL,1
MEFENAMIC ACID,1
MEPENZOLATE BROMIDE,1
MEPIROXOL,1
MEPIVACAINE HCL,1
MEPTAZINOL HCL,1
MEQUINOL,1
METHACYCLINE HCL,1
METHAZOLAMIDE,1
METHENAMINE,1
METHIMAZOLE,1
METHSCOPOLAMINE,1
METHYL-HESPERIDIN,1
METHYLHYDANTOIN-5-(D),1
METHYLTHIOURACIL,1
METICRANE,1
METOPROLOL TARTRATE,1
MEXILETINE HCL,1
MEZLOCILLIN SODIUM,1
MIANSERIN HCL,1
MILNACIPRAN HCL,1
MIRABEGRON,1
MITOXANTRONE HCL,1
MK-2206 2HCL,1
MK-801 (DIZOCILPINE),1
MK-8745,1
ML130 (NODINITIB-1),1
ML133 HCL,1
ML161,1
MM-102,1
MOCLOBEMIDE (RO 111163),1
MOEXIPRIL HCL,1
MOGUISTEINE,1
MONTELUKAST SODIUM,1
MOROXYDINE HCL,1
MOTESANIB DIPHOSPHATE (AMG-706),1
MOXALACTAM DISODIUM,1
MOXIFLOXACIN HCL,1
MOZAVAPTAN,1
MRS 2578,1
MYRICITRIN,1
N6-METHYLADENOSINE (M6A),1
NABUMETONE,1
NADIFLOXACIN,1
NAFCILLIN SODIUM,1
NAFTOPIDIL DIHCL,1
NALOXONE HCL,1
NAPHAZOLINE HCL,1
NARINGIN,1
NARINGIN DIHYDROCHALCONE,1
NEBIVOLOL,1
NEFOPAM HCL,1
NEOHESPERIDIN,1
NIALAMIDE,1
NICARAVEN,1
NICARDIPINE HCL,1
NICOTINE DITARTRATE,1
NIFEDIPINE,1
NIFENAZONE,1
NIFUROXAZIDE,1
NILVADIPINE,1
NIMODIPINE,1
NITHIAMIDE,1
NITRENDIPINE,1
NITROFURAL,1
NLG919,1
NMDA (N-METHYL-D-ASPARTIC ACID),1
NOBILETIN,1
NORETHINDRONE,1
NOSCAPINE HCL,1
NSC 405020,1
NU7026,1
NVP-BSK805 2HCL,1
NXY-059,1
NYSTATIN (FUNGICIDIN),1
OC000459,1
OCTOPAMINE HYDROCHLORIDE,1
OLSALAZINE SODIUM,1
ONDANSETRON HCL,1
ONX-0914 (PR-957),1
ORG 27569,1
ORNIDAZOLE,1
ORPHENADRINE CITRATE,1
OUABAIN,1
OXAPROZIN,1
OXETHAZAINE,1
OXYBUPROCAINE HCL,1
OXYMETAZOLINE HCL,1
OXYMETHOLONE,1
OZAGREL,1
P22077,1
P276-00,1
P5091 (P005091),1
PALBOCICLIB (PD-0332991) HCL,1
PALMATINE CHLORIDE,1
PANCURONIUM DIBROMIDE,1
PAROXETINE HCL,1
PASINIAZID,1
PD123319,1
PD128907 HCL,1
PEFLOXACIN MESYLATE,1
PENCICLOVIR,1
PENFLURIDOL,1
PENICILLIN G SODIUM,1
PERGOLIDE MESYLATE,1
PF-00562271,1
PF-04880594,1
PF-4981517,1
PFI-1 (PF-6405761),1
PHENAZOPYRIDINE HCL,1
PHENINDIONE,1
PHENIRAMINE MALEATE,1
PHENOTHIAZINE,1
PHENYLBUTAZONE,1
PHENYTOIN,1
PHENYTOIN SODIUM,1
PHTHALYLSULFACETAMIDE,1
PIDOTIMOD,1
PIFITHRIN-A (PFTA),1
PIFITHRIN-MU,1
PILOCARPINE HCL,1
PIPERACILLIN SODIUM,1
PIRACETAM,1
PIRFENIDONE,1
PIROMIDIC ACID,1
PIZOTIFEN MALATE,1
PJ34,1
POTASSIUM CANRENOATE,1
POTASSIUM IODIDE,1
PP1,1
PP2,1
PQ 401,1
PR-619,1
PRAMOXINE HCL,1
PRANOPROFEN,1
PRAZOSIN HCL,1
PRIDINOL METHANESULFONATE,1
PRILOCAINE,1
PROADIFEN HCL,1
PROCAINE HCL,1
PROCYCLIDINE HCL,1
PROPARACAINE HCL,1
PROPRANOLOL HCL,1
PRT062607 HCL,1
PRUCALOPRIDE SUCCINATE,1
PRX-08066 MALEIC ACID,1
PYR-41,1
PYRIDOXINE HCL,1
QNZ (EVP4593),1
QUERCETIN DIHYDRATE,1
QUETIAPINE FUMARATE,1
QUINAPRIL HCL,1
QUININE HCL DIHYDRATE,1
R406,1
RACTOPAMINE HCL,1
RANITIDINE,1
RANOLAZINE 2HCL,1
RETAPAMULIN,1
RG2833 (RGFP109),1
RGFP966,1
RI-1,1
RILPIVIRINE,1
RONIDAZOLE,1
ROPINIROLE HCL,1
ROPIVACAINE HCL,1
ROSUVASTATIN CALCIUM,1
ROXATIDINE ACETATE HCL,1
RS-127445,1
RUCAPARIB PHOSPHATE,1
RUPATADINE FUMARATE,1
RUTIN,1
S-RUXOLITINIB (INCB018424),1
SAFINAMIDE MESYLATE,1
SALICYLANILIDE,1
SALUBRINAL,1
SANT-1,1
SAR131675,1
SASAPYRINE,1
SB202190 (FHPI),1
SB269970 HCL,1
SB271046,1
SB590885,1
SB742457,1
SC-514,1
SC144,1
SCHISANDRIN B (SCH B),1
SCLAREOL,1
SCOPINE HCL,1
SCOPOLAMINE HBR,1
SCRIPTAID,1
SEROTONIN HCL,1
SERTACONAZOLE NITRATE,1
SGC-CBP30,1
SGI-1027,1
SILYMARIN,1
SIRTINOL,1
SITAGLIPTIN PHOSPHATE MONOHYDRATE,1
SITAXENTAN SODIUM,1
SKEPINONE-L,1
SNS-314 MESYLATE,1
SODIUM 4-AMINOHIPPURATE HYDRATE,1
SODIUM 4-AMINOSALICYLATE,1
SODIUM ASCORBATE,1
SODIUM NITRITE,1
SODIUM NITROPRUSSIDE,1
SODIUM PHENYLBUTYRATE,1
SODIUM PICOSULFATE,1
SODIUM SALICYLATE,1
SOLIFENACIN SUCCINATE,1
SORAFENIB TOSYLATE,1
SPECTINOMYCIN HCL,1
SPIRAMYCIN,1
SRPIN340,1
SRT1720,1
SSR128129E,1
STATTIC,1
STAVUDINE (D4T),1
SUCCINYLCHOLINE CHLORIDE DIHYDRATE,1
SUCRALOSE,1
SULBACTAM SODIUM,1
SULCONAZOLE NITRATE,1
SULFACETAMIDE SODIUM,1
SULFAGUANIDINE,1
SULFAMERAZINE,1
SULFAMETHAZINE,1
SULFAMETHOXYPYRIDAZINE,1
SULFATHIAZOLE,1
SUPROFEN,1
SUVOREXANT (MK-4305),1
SYK INHIBITOR III,1
SYNEPHRINE HCL,1
T0070907,1
T0901317,1
TAK-438,1
TAK-632,1
TAK-700 (ORTERONEL),1
TALC,1
TANGERETIN,1
TASISULAM,1
TCID,1
TCS 359,1
TOCRIS-1097,1
"VINCRISTINE SULFATE, APOCYNACEAE SP.",1
TENOFOVIR,1
TENOVIN-1,1
TERAZOSIN HCL,1
TERBINAFINE,1
TERBINAFINE HCL,1
TERFENADINE,1
TETRACAINE HCL,1
TETRAETHYLENEPENTAMINE 5HCL,1
TETRAHYDROPAPAVERINE HCL,1
TETRAHYDROZOLINE HCL,1
TG100713,1
THIAMET G,1
THIORIDAZINE HCL,1
THONZONIUM BROMIDE,1
TIANEPTINE SODIUM,1
TICAGRELOR,1
TICARCILLIN SODIUM,1
TILMICOSIN,1
TIMOLOL MALEATE,1
TIOTROPIUM BROMIDE HYDRATE,1
TIRATRICOL,1
TOFACITINIB (CP-690550) CITRATE,1
TOLAZOLINE HCL,1
TOLBUTAMIDE,1
TOLFENAMIC ACID,1
TOLMETIN SODIUM,1
TOLPERISONE HCL,1
TOLTRAZURIL,1
TRANYLCYPROMINE (2-PCPA) HCL,1
TRAZODONE HCL,1
TRIAMCINOLONE,1
TRICLABENDAZOLE,1
TRIFLUSAL,1
TRIPELENNAMINE HCL,1
TROMETAMOL,1
TROPICAMIDE,1
TROXERUTIN,1
TROXIPIDE,1
TTNPB (AROTINOID ACID),1
TUBASTATIN A HCL,1
TYLOSIN TARTRATE,1
TYRPHOSTIN 9,1
TYRPHOSTIN AG 1296,1
TYRPHOSTIN AG 879,1
U-104,1
U0126-ETOH,1
ULIPRISTAL,1
UPF 1069,1
URACIL,1
URAPIDIL HCL,1
VALACICLOVIR HCL,1
VALGANCICLOVIR HCL,1
VALNEMULIN HCL,1
VALSARTAN,1
VANILLIN,1
VANILLYLACETONE,1
VARDENAFIL HCL TRIHYDRATE,1
VERAPAMIL HCL,1
VILAZODONE HCL,1
VILDAGLIPTIN (LAF-237),1
VINFLUNINE TARTRATE,1
VITAMIN C,1
VITAMIN D2,1
VITAMIN D3,1
VOGLIBOSE,1
VU 0361737,1
VU 0364439,1
VU 0364770,1
VUF 10166,1
VX-661,1
WAY-100635 MALEATE,1
WY-14643 (PIRINIXIC ACID),1
WZ811,1
XANTHONE,1
XYLAZINE HCL,1
XYLOSE,1
Y-27632 2HCL,1
YOHIMBINE HCL,1
ZCL278,1
ZINC PYRITHIONE,1
ZIPRASIDONE HCL,1
ZLN005,1
ZM 306416,1
ZM 323881 HCL,1
ZM 39923 HCL,1
ZOXAZOLAMINE,1
